ISO_alpha3_code,2000,2001,2002,2003,2004,2005,2006,2007,2008,2009,2010,2011,2012,2013,2014,2015,2016,2017,2018
ABW,0.000703182,0.000712137,0.000657229,0.00069997,0.000685497,0.0006534,0.000940949,0.000918692,0.000949223,0.000967668,0.002361284,0.001948056,0.001972589,0.00225777,0.003265236,0.002423296,0.003363897,0.002858485,NA
AFG,NA,NA,1.113305508,0.719336357,0.44513961,0.384138015,0.501578226,0.445735403,0.604206063,0.406228568,0.587141123,0.841022798,0.676042625,0.526532903,0.49700391,0.482763042,0.597256723,0.659662724,0.672740957
AGO,56.12680181,38.38737677,27.35576314,24.54401094,36.04911712,45.01958262,43.78410154,47.48487583,56.61044011,31.76128111,39.0141728,39.97228847,35.6759104,30.55466364,23.44967565,10.77240375,10.76274536,16.22110434,26.76820695
ALB,1.094690115,0.732448643,0.755613039,0.762016172,0.77628757,1.049983524,1.430888689,2.171592687,1.629068875,0.979989768,2.033735669,3.455056547,3.59604682,3.578326205,3.574868782,1.821391996,1.044255205,1.606539289,2.354475475
AND,0,0,0,0,0,0,0,0,0,0,0,0,0,0,0,0,0,0,0
ARE,21.9024479,17.20490622,15.49687178,17.87456457,20.87282094,25.9243472,26.22332188,24.03026726,28.44475067,19.28964034,22.6689375,30.12182089,29.91056327,27.1543032,24.25829343,14.05910351,11.3540411,13.61972828,17.37530502
ARG,2.4076815,1.992737278,5.80334674,5.064666557,4.88426198,5.678006643,6.029728159,4.974128228,5.054556821,3.197538588,3.466662039,3.902869048,3.76621596,3.371080145,3.043864039,1.356256493,1.14484723,1.298936133,2.235890922
ARM,0.363203884,0.29675514,0.460041922,0.520673274,0.974003626,0.901240752,1.788861711,1.297061299,1.294545673,1.656635559,2.992128557,4.103021929,3.955211448,3.405588095,3.393911084,4.016503356,4.583166344,5.947861429,6.601176006
ASM,NA,NA,0,0,0,0,0,0,0,0,0,0,0,0,0,0,0,0,0
ATG,0,0,0,0,0,0,0,0,0,0,0,0,0,0,0,0,0,0,0
AUS,3.231431062,3.471162582,3.11354299,2.94637291,3.883173717,5.386166868,6.675721816,8.39559197,10.48512567,6.775935217,9.791839422,10.73234389,7.600251601,7.677282212,7.323028681,5.261460802,6.120822107,7.159503807,7.502275241
AUT,0.149779613,0.159477077,0.159520174,0.153375385,0.13057629,0.152126688,0.195083048,0.229398704,0.263908482,0.181966084,0.235936467,0.276862863,0.262606094,0.239290367,0.197808552,0.134073998,0.113297352,0.134710786,0.148450262
AZE,33.93646174,27.38385494,25.70927408,26.0477788,28.83192307,37.63151863,41.94032378,39.16938351,41.19264435,28.42012971,32.17710746,35.22635088,31.46144323,27.02752219,23.06991163,14.60405714,15.42943724,21.24903866,29.59159104
BDI,15.05369193,18.65385479,24.11573265,40.55010865,30.59280761,26.48023572,24.11333297,32.55323513,33.38674573,30.61841202,24.07173271,25.27630491,17.96969082,17.80847015,17.87785083,16.10904656,17.19418348,16.14845244,11.21425337
BEL,0.024685226,0.021015225,0.023752318,0.021740691,0.015883552,0.015671629,0.017378228,0.018871598,0.018437634,0.017385478,0.01930461,0.019296694,0.018639179,0.019350135,0.020014355,0.019418985,0.018814907,0.017533804,0.01674252
BEN,3.399254022,3.16184541,3.393502091,4.187371032,3.133432258,3.038572075,3.051717843,3.627352935,3.665918338,3.720879244,3.426251822,3.482666114,3.921211014,3.519925751,3.714293108,4.353668554,4.448066288,4.081213563,2.369257116
BFA,5.317054398,4.741281573,5.70686002,6.356587761,5.502722142,6.355292425,6.531325694,8.15387123,9.227158045,10.68685915,13.27202854,16.59544993,16.83220335,15.24773637,15.36061785,17.60490646,18.21432467,18.40150778,14.17054324
BGD,0.587673923,0.639374158,0.754929885,0.747608298,0.780277369,1.000141936,1.419213723,1.279245923,1.198044802,1.226199736,1.185927828,1.724403536,1.655637578,1.260237804,1.194249499,0.980787769,0.661887036,0.633910915,0.657600026
BGR,1.363628179,1.262655501,0.927455421,0.885636945,1.87738493,1.719976746,2.831274521,2.541056841,2.758678441,1.560552905,2.537911517,2.85899826,2.337365663,1.798700761,1.584814686,1.505958875,0.87284359,0.997402815,0.919710992
BHR,6.093283636,5.912062787,5.150864419,5.075147426,5.141915651,6.520418184,7.143498014,6.78359515,7.483967671,6.305647803,6.037884449,8.256358217,8.911425869,9.38807365,8.658524396,5.155813654,3.206850992,3.471151064,4.335873447
BHS,0.006546234,0.006725527,0.008025026,0.007119133,0.006320488,0.006186407,0.007387308,0.007858555,0.008815082,0.008625399,0.015294778,0.013281663,0.012326209,0.014533893,0.018039071,0.013055847,0.01619517,0.013748276,0.009722768
BIH,1.223939237,1.381755038,0.884701945,0.879184682,1.704350352,2.025766144,1.72814522,2.28020349,3.784039051,1.506102425,2.648689651,3.673892642,2.361262144,1.957797898,1.381564176,1.05051554,1.131661182,1.35835128,1.194953005
BLR,2.459939586,2.090387985,1.777087341,1.739717146,1.771785821,1.728376259,1.686310777,1.547056275,1.533234218,1.09336456,1.338276469,1.739214706,1.815290769,1.482578414,1.335923383,1.133481016,1.282796938,1.49881281,1.610114804
BLZ,0.274290259,0.274297944,0.285390599,0.276540835,0.244882557,0.287141498,3.119527825,4.069813087,6.062754963,4.01815476,5.305299354,6.905591969,4.818513649,3.541070415,2.631298335,1.065467492,0.880998946,0.965863144,1.057986081
BMU,0,0,0,0,0,0,0,0,0,0,0,0,0,0,NA,NA,NA,NA,NA
BOL,4.008249078,3.94304678,4.460991369,5.380466163,7.508279394,11.52206266,14.93014514,14.56951824,12.74587029,8.169616332,10.23788626,14.25902481,12.76699672,12.49681319,11.03173681,5.677306184,4.871639051,7.171076927,7.793507637
BRA,2.606396246,2.657615559,3.352097122,3.663816595,3.876119689,4.909730689,5.045937306,5.76356918,6.181136452,3.262975028,4.56479676,5.084402304,4.700563101,4.57590487,4.101269006,3.149904211,3.020887481,3.429224352,4.640647567
BRB,0.392465727,0.247806092,0.208210509,0.230453229,0.278579367,0.372898094,0.411849933,0.405969475,0.516337061,0.20745029,0.36554089,0.520794444,0.498231832,0.451682846,0.392437758,0.113466882,0.062409639,0.065241452,0.066660685
BRN,30.25081471,24.85250996,20.95080894,23.44287886,28.06367381,34.04376883,35.27149934,27.48523749,28.9359898,23.14259256,23.52598895,29.70524184,26.6361385,22.51526216,22.03551862,19.48052823,15.16309465,17.54684968,25.43044529
BTN,3.991371022,3.871579688,3.57858294,3.347624751,2.969212222,2.655135913,3.398878062,4.295110025,4.187603278,3.526353155,5.279998448,4.909112359,4.209507779,3.442368266,3.432546985,4.079661144,4.501881559,3.411060723,1.954067975
BWA,1.447768491,0.57973885,0.553367409,1.624342349,3.320191882,3.824101088,7.988680475,9.273824526,6.043675971,11.45373685,4.937909365,3.706519133,3.596869568,3.489213559,2.530319872,1.412345881,1.161868528,0.909262544,1.217888846
CAF,11.19657477,10.76869253,11.30473743,11.74748301,8.20060056,8.505942864,10.01613309,9.909720608,11.81341452,8.833860079,7.943402497,8.489032549,9.211276637,12.96362348,11.37283948,13.45765211,13.02029109,12.84634078,9.068494277
CAN,3.970712752,3.251932797,2.388316044,3.003847794,4.101033848,4.570318421,4.101235594,3.990737488,5.332586907,2.314289844,2.576912331,3.335451651,2.227971199,2.385899216,2.102676806,0.772086438,1.231604262,1.525206179,2.470435919
CHE,0.034831076,0.020599085,0.017944892,0.018426768,0.014117361,0.014619682,0.016815307,0.018724393,0.016503181,0.015094366,0.015360713,0.012818448,0.011420806,0.012222056,0.013391157,0.010700767,0.010652709,0.010263694,0.010342355
CHL,7.07108026,6.640678274,6.711467289,7.622699574,12.0580475,13.31413604,21.417547,21.3453668,19.5697436,14.71559972,18.10425322,18.5501577,16.3383611,15.09154236,14.7259328,12.22416048,10.32345059,11.75951393,11.99867778
CHN,2.522631924,2.54492948,1.889533273,2.092796806,4.859027589,5.205681936,5.709549616,6.478898047,9.90851888,4.069690402,6.377627915,8.006548671,4.161027487,3.092712802,2.446252776,1.357421916,1.256267682,1.475589615,1.584155062
CIV,4.310816992,3.367031567,3.442265168,3.563536526,3.639134671,5.590834068,8.409948774,7.335161358,8.393107521,5.863417794,6.859126363,9.236677855,8.771290526,6.906030718,6.06814746,4.035882825,3.924807862,2.354698949,2.641433891
CMR,11.00049267,6.301941189,5.933397837,5.878917379,6.467200894,8.400908913,10.5288237,10.84068665,12.05767996,6.388545632,7.893253811,8.967086905,9.320734401,8.392195921,8.043550044,6.450609482,5.748249781,6.580684398,6.20460584
COD,7.587387834,18.34153401,18.60343645,29.44441105,23.80300219,23.88021683,24.97653135,29.12704705,32.25778297,32.31674095,32.45840154,37.29342046,36.84782411,37.76217831,36.48195427,31.19600172,29.4793444,34.78933007,25.51925095
COG,56.93941451,42.19512318,39.72553506,34.75341539,42.72360377,55.1210094,59.6043491,51.30974833,55.48910346,37.73348501,50.49852876,59.20581299,56.71725725,45.38331604,40.02426982,24.81902421,20.21825752,39.9998409,54.91635612
COL,5.642602856,3.802498603,3.859556123,4.626446328,6.048667417,6.418579358,7.366366151,6.65979295,8.670727384,4.770457552,6.623229584,9.601171014,8.23279452,7.347136693,6.576221746,4.108810717,3.379801607,4.193820727,5.513777084
COM,1.402193973,1.268008489,1.375100149,1.660173064,1.235806634,1.281634052,1.265897877,1.582130465,1.724054059,1.756659269,1.593775545,1.633795833,1.914447431,1.815554149,1.980939258,2.514629204,2.500742202,2.339822437,1.390080811
CPV,0.414263908,0.485933294,0.531125777,0.709048657,0.572824548,0.537293223,0.450039391,0.504818169,0.482929056,0.535788695,0.469733673,0.47629611,0.589785855,0.572401132,0.642686554,0.800998865,0.805572996,0.716497885,0.379099981
CRI,1.018117096,1.054867937,0.954079182,0.985496437,0.939485814,0.972048804,1.329279528,1.446884453,1.316452237,1.193602315,1.646854577,1.255570382,1.203176518,1.25322534,1.375890618,1.09753737,1.20887239,1.032186912,0.824939015
CUB,1.746708423,1.047140779,1.227411121,1.978062819,2.940460178,3.245983794,4.202000367,6.994721012,3.676144612,1.953467234,3.07306201,3.65369391,2.82338524,2.271407983,2.094128535,0.879507717,0.501266617,0.558517296,0.678805138
CUW,NA,NA,NA,NA,NA,NA,NA,NA,NA,NA,NA,0,0,0,0,0,0,0,0
CYM,NA,NA,NA,NA,NA,NA,0,0,0,0,0,0,0,0,0,0,0,0,0
CYP,0.029608809,0.018747242,0.012003708,0.009410328,0.011426124,0.000729538,0.000588198,0.008492901,0.007239288,0.033665508,0.060287006,0.093990683,0.107862786,0.085101375,0.069013992,0.043032139,0.001224784,0.007584285,0.007770791
CZE,0.558476893,0.827203128,0.476180008,0.433155288,0.93547738,0.793923372,0.772595402,0.685815506,1.518381606,0.669057047,0.898794224,1.052515488,0.611882737,0.354899265,0.328140792,0.307669102,0.307014509,0.333680912,0.160623914
DEU,0.100941105,0.143055903,0.111990983,0.103989536,0.147554903,0.148830806,0.173206514,0.178776778,0.30449421,0.161809358,0.190222402,0.229403166,0.16741612,0.124364334,0.099093477,0.078215789,0.065731382,0.073050031,0.081859704
DJI,0.382079268,0.415974591,0.454277724,0.623059168,0.573154706,0.529249755,0.616385692,0.523310117,0.790439022,0.743212074,0.838156181,0.888463491,0.893774805,0.52261583,0.788997555,0.66101077,0.484684965,0.573205394,0.263159722
DMA,0.024917286,0.024272778,0.022139035,0.022810796,0.022028743,0.02119594,0.028680859,0.027065259,0.026123925,0.02198654,0.04915488,0.0412283,0.041332265,0.049193821,0.065145184,0.047467708,0.060234395,0.056095081,0.03452125
DNK,1.484424574,1.228811236,1.17614387,1.105933044,1.313085026,1.719212867,1.890995195,1.660734094,2.047005357,1.202426995,1.412003708,1.773661706,1.665928059,1.254529128,1.018098061,0.5304979,0.360868152,0.512358929,0.621250509
DOM,0.728354693,0.291180452,0.393111252,1.13281669,1.889492218,1.499916671,2.467059707,3.484575358,1.078654987,0.152523777,0.193156915,0.858695827,0.926750456,1.715950822,1.596211166,1.250351183,1.660780696,1.422266235,1.448456957
DZA,24.32804334,21.77332248,21.81167841,23.39151334,25.05578614,33.12085813,35.31314892,33.20648921,34.92153236,25.46329196,26.91391542,31.63845831,30.84640423,28.35236718,24.67676377,16.3116061,12.31067531,14.86889791,19.02332624
ECU,16.26650028,9.228274344,8.164984296,9.057918818,13.30093916,17.68262559,18.7296774,16.91229103,18.70187976,9.096246668,11.66984796,16.10954782,14.31095747,13.13890404,11.59569136,4.862550409,3.723764327,5.45215473,7.708741315
EGY,7.031156323,6.056155595,6.726694462,8.571277755,11.07414153,14.39115538,15.01256901,13.64762258,15.85069518,9.142136534,9.382624484,12.75567698,11.1775995,10.17945131,8.701722163,4.127064416,3.047976312,5.415221098,6.91132839
ERI,4.84986039,4.487808835,3.098196393,4.529917392,3.266506087,3.250351633,2.829226169,3.975321988,4.302809571,2.419401933,2.57172088,24.12941727,NA,NA,NA,NA,NA,NA,NA
ESP,0.042974735,0.056019287,0.044898256,0.03783948,0.048571982,0.039772888,0.048198302,0.055506728,0.071376686,0.040592539,0.065827392,0.077858468,0.083231182,0.079393421,0.080445892,0.069996985,0.069367634,0.095013439,0.102609049
EST,2.298398287,2.199543278,1.741745518,1.62096955,0.987380791,0.786762673,0.758483554,0.787248662,1.206491659,1.213970347,1.902034385,2.576199892,2.12810906,1.594911726,1.421311934,1.118415787,1.125461061,1.167626985,1.206477386
ETH,18.35318323,17.99123259,23.02590628,36.18730793,27.86856641,23.29508783,18.90356211,21.99446551,18.86423491,16.55117226,16.14647273,17.97526802,15.49567034,14.41081608,13.74868234,12.51920738,11.43291651,10.14910277,6.161209944
FIN,0.423351142,0.380283835,0.424746574,0.379223724,0.301235494,0.29108086,0.365543711,0.426533768,0.58961671,0.376521114,0.629387627,0.591197098,0.641056168,0.58199488,0.587370151,0.55179152,0.570095005,0.610581793,0.669109759
FJI,1.15162106,1.183705001,1.223900579,1.285139091,1.193921762,1.210098635,1.253452566,0.848105769,1.104405009,1.523220909,2.944375237,2.684482802,2.864634975,1.960751933,1.638558821,1.568653393,1.667134085,1.522056681,1.473933545
FRA,0.069931278,0.063387966,0.057381428,0.051815231,0.04096569,0.041817203,0.048665214,0.051641972,0.055656559,0.051827678,0.056534285,0.055398876,0.050302846,0.048124804,0.048966802,0.041556398,0.039720057,0.037305153,0.03837135
FRO,0,0,0,0,0,0,0,0,0,0,0,0,0,0,0,0,0,0,NA
FSM,0.007464106,0.00857109,0.009733101,0.014273412,0.01652024,0.010136271,0.012487273,0.018908833,0.031993485,0.028911568,0.027273282,0.035425434,0.02804107,0.026521777,0.040600328,0.032192135,0.036049623,0.035001645,0.016237343
GAB,45.57840223,27.78712903,24.13376789,23.22111267,28.97525671,39.57310197,40.7468904,38.70775345,45.76914993,27.58529975,33.65836381,38.07025731,38.08294875,32.74362166,27.20190765,13.05716278,11.76484733,18.61184454,23.42102391
GBR,1.053765038,0.966191646,0.835753121,0.79078562,0.757749245,0.862175247,0.962009427,0.89333173,1.307453934,0.874183194,0.979082392,1.146636219,0.929681889,0.755839298,0.587003374,0.342047967,0.286296844,0.429277147,0.661998207
GEO,0.707664783,0.763477098,0.558967275,0.961505182,0.934790929,0.967449832,1.230749999,1.153655865,1.03161883,1.007021926,1.753759421,2.387334567,1.471914386,1.197349592,0.778095135,0.925861494,0.893979152,0.785305176,0.767436716
GHA,10.77053959,10.0861399,11.21022877,16.13730906,13.49692861,12.28478603,8.419443447,9.868513708,11.13350705,13.01441366,12.63522873,18.56048437,19.72787264,15.04376424,16.74620452,15.12564353,14.11150333,15.28072422,14.07912633
GIB,NA,NA,NA,NA,NA,NA,NA,NA,NA,NA,NA,NA,NA,NA,NA,NA,NA,NA,NA
GIN,12.98630498,13.54511829,13.84622655,16.29366399,15.1656055,23.14076357,18.93036098,16.40997665,16.43459706,18.07928358,17.49016737,21.60279893,20.36251752,17.43722995,17.5648979,17.34498682,20.95523671,20.8245931,14.49197714
GMB,2.254186228,2.473120836,3.525655344,6.128420644,2.552800945,2.596198027,2.727984942,3.031421878,3.185993376,3.298918214,3.031371514,4.468907745,5.779826794,5.728049102,5.25770711,5.734986868,6.052629427,6.249956227,2.470896844
GNB,11.88214451,11.00126881,12.59961646,17.87376642,14.16302945,13.24820575,13.37210373,16.72375073,16.04766125,17.26958119,14.9472052,13.2674004,17.09655743,16.7837934,18.74694624,20.12049357,18.68654274,15.9590661,9.236051387
GNQ,84.22875955,NA,NA,NA,NA,59.54803415,57.86515938,51.86702359,50.15486784,29.58899997,39.25296345,41.18035345,42.40183774,36.29330433,30.9082071,18.92086825,16.12668906,24.82234358,33.72644649
GRC,0.07217598,0.104715927,0.04376398,0.053519918,0.202985495,0.176581035,0.245806935,0.366257404,0.410278137,0.135371145,0.319894474,0.442404705,0.279032992,0.194996719,0.175264919,0.101466373,0.089193265,0.137579156,0.155333552
GRD,0,0,0,0,0,0,0,0,0,0,0,0,0,0,0,0,0,0,0
GRL,0,0,0,0,0.31573687,0.44824939,1.087064063,0.960297638,1.093032154,0,0,0.146242548,0.487253022,0.030874879,0,0,0,0,0
GTM,1.607315348,1.461328225,1.454041174,1.561977799,1.482709188,1.558035055,1.879558406,1.90601693,1.899149131,1.637922797,2.602226275,2.854043884,2.223613322,2.281043315,3.199287705,2.179968805,2.095506926,1.74582966,1.680286179
GUM,NA,NA,0,0,0,0,0,0,0,0,0,0,0,0,0,0,0,0,0
GUY,12.54802475,12.18948669,10.4576787,11.9921888,13.91883518,15.23844439,13.77185208,15.12532439,15.60219161,16.83481312,23.20794913,25.64068502,27.51599689,24.97885627,19.53201365,17.85024669,24.37626604,21.03013955,19.68675808
HKG,0.000500998,0.000583449,0.000657692,0.000974241,0.001020219,0.000588104,0.000665684,0.000902724,0.001459215,0.001390457,0.001438997,0.001684836,0.00132943,0.001143913,0.00156732,0.001139394,0.001236462,0.001212775,0.000629408
HND,1.519036724,1.390576494,1.398466291,1.361598221,1.390474711,1.463861157,2.527951545,2.208642965,1.745255454,1.539472815,2.722187543,2.316170531,2.057813377,2.203986961,2.717473314,1.909450729,2.282770969,1.997951311,1.410532486
HRV,1.103387341,1.078756919,0.943902355,0.776348173,0.723556293,0.771734852,1.044764347,0.998261171,1.127708167,0.992228223,1.055098916,1.391520608,1.311133301,1.163928952,0.905986338,0.693444669,0.582773185,0.712726689,0.802890647
HTI,0.602198859,0.674836024,0.692007397,0.845124103,0.708210634,0.579783223,0.749763874,0.652892731,0.640002826,0.594347789,1.192176217,0.910408537,0.855276538,0.951285235,1.205249096,0.954616216,1.364659139,1.107664266,0.681454416
HUN,0.678415139,0.684764454,0.443302246,0.41154143,0.439555902,0.412338374,0.543562295,0.474019134,0.638580464,0.514433035,0.537768253,0.699652094,0.639854831,0.512908462,0.401013137,0.286083758,0.249862823,0.301606907,0.380441409
IDN,10.30246462,8.506037745,6.891660258,6.764622714,9.024637901,10.20291558,10.12194426,10.55796872,11.9208943,6.960174785,7.338895822,8.977464317,6.900687233,6.291587756,5.149349386,3.711586976,3.056400863,3.482144897,4.777067222
IMN,0,0,0,0,0,0,0,0,0,0,0,0,0,0,0,0,0,0,NA
IND,2.442021103,2.486473713,2.295373201,2.338733557,3.28031585,3.783263081,4.104824811,4.714531399,7.348158465,3.479525632,4.475318113,5.261092871,3.956419209,3.599661078,2.801732694,1.827964098,1.80731252,2.04390505,2.272636506
IRL,0.061421002,0.062748145,0.052594729,0.038978721,0.041688122,0.036056128,0.382281378,0.316605717,0.089761101,0.063278803,0.138068362,0.12398878,0.084862609,0.076594642,0.08906663,0.056787504,0.100100336,0.142542688,0.133050648
IRN,32.79272776,23.56728437,22.30563053,23.44223613,27.23736956,34.82997703,34.78142584,29.73460882,34.13710281,20.2223867,23.30248524,28.55615488,23.73966457,28.06039824,27.18999779,16.11167098,13.50826892,18.16270623,NA
IRQ,NA,NA,NA,NA,64.1503556,63.93575684,61.82118299,53.05252006,52.71950668,36.69461621,42.64670815,51.15235958,48.730984,45.71354125,45.70811163,35.03167332,30.64679867,37.31029867,45.69548017
ISL,0,0,0,0,0,0,0,0,0,0,0,0.000382766,0.000359865,0.000368072,0.000349275,0.000293643,0.000254894,0.000231334,0.000230612
ISR,0.001944295,0.001037413,0.002225723,0.000878728,0.023663217,0.05072735,0.086025107,0.099107037,0.382826657,0.309822297,0.147740565,0.279736529,0.272190358,0.316890337,0.29599655,0.250568097,0.167142706,0.146591592,0.183614282
ITA,0.096144477,0.104979124,0.093142222,0.084585523,0.078584275,0.104173054,0.127109204,0.120750646,0.145244288,0.094050503,0.118837965,0.164132264,0.179578411,0.161096797,0.139856958,0.080654206,0.048004994,0.067110227,0.102796819
JAM,1.751363145,1.946892056,1.534955975,1.413188872,1.726334221,1.866004799,2.222095426,2.300259612,1.546949197,1.180430846,1.168061904,1.325651367,1.079303849,1.095423279,1.195960687,1.283830779,1.240129139,1.314491516,1.323015408
JOR,0.093693297,0.101895066,0.105899431,0.091208367,0.089877875,0.102116192,0.113691969,0.099110527,5.255320989,3.743675089,1.231503306,2.673846665,2.554549493,1.073036848,1.022728979,1.459490792,1.186310324,0.763539864,0.638378297
JPN,0.011908511,0.011078955,0.011306725,0.012262852,0.011379115,0.014878268,0.01910733,0.02320745,0.025561046,0.021303241,0.020967128,0.023576785,0.023101871,0.026407131,0.030066099,0.031128471,0.026373696,0.030441451,0.030677136
KAZ,26.6899766,21.00182329,21.68825381,22.33379862,26.97349816,30.05022731,29.54030867,26.75708867,32.43630873,20.96064659,24.4183218,27.56678093,24.41606606,19.99138146,18.38538778,10.80929381,12.51536302,16.4180086,22.39879401
KEN,3.292778166,3.107644207,3.707135249,5.093724892,4.130959059,4.041574431,2.954689433,3.675253446,3.64596152,3.741343509,3.102951183,3.320336188,3.37853348,3.016930851,2.916812918,2.971683538,2.861964689,2.407497454,1.309758659
KGZ,1.12307155,1.065894169,2.144663202,3.81023021,4.487809294,4.126457312,4.647367768,3.837437234,6.732085462,7.914189401,11.2838515,12.36065804,7.163719318,9.070666526,7.382784102,7.572476859,8.911829225,11.44304179,11.54692062
KHM,2.453022248,2.530915634,2.595009583,3.410502631,3.20397566,1.719834959,1.822022528,2.245441568,3.099840616,2.862780067,2.695956615,3.050561909,2.293983506,1.902926337,2.548764875,1.831849194,1.866738863,1.759668666,0.84163394
KIR,0.029584285,0.037597947,0.037743302,0.045014657,0.045176382,0.02648817,0.03380181,0.043302368,0.070983508,0.073149333,0.062338136,0.073192876,0.058389845,0.055213896,0.087994189,0.07292428,0.082690196,0.08484848,0.041298555
KNA,0,0,0,0,0,0,0,0,0,0,0,0,0,0,0,0,0,0,0
KOR,0.010986628,0.019018885,0.014270237,0.020712712,0.020931976,0.020607039,0.021326143,0.025471886,0.045852525,0.03659733,0.032087483,0.035008211,0.053327036,0.03024114,0.026543714,0.019820465,0.018938363,0.018462523,0.018916369
KWT,49.50964642,43.12959278,35.91243542,40.30778535,46.61852412,56.99301582,55.63421001,51.47636558,56.09882979,38.78513279,49.56344671,61.94914855,61.87200014,58.30969938,55.20545005,38.03531938,32.56541198,35.98686557,43.09483172
LAO,4.024311647,4.574017467,4.809069085,6.467637168,6.170366759,7.056944601,14.58151954,14.14806808,15.40921501,13.53276069,17.42829244,17.98810796,15.63736593,15.67066473,11.99444572,8.803967657,8.006637067,7.7386075,6.731680812
LBN,0.001607124,0.001535426,0.001372922,0.00160304,0.001457056,0.001356432,0.001622691,0.001377815,0.001896636,0.001909543,0.001880799,0.001934982,0.00182191,0.001544904,0.00228955,0.00192951,0.001341517,0.00157286,0.000816481
LBR,17.82040447,17.11095893,23.70383378,34.21080424,19.81565872,19.82864214,17.64607546,21.65039104,22.03394991,22.37407953,18.8582451,26.00354542,32.08350879,34.94511083,33.1397713,25.4222136,26.06374986,29.1182011,21.55805217
LBY,34.74455628,30.86153272,50.44116212,49.51507114,56.39896669,63.06690207,68.79008066,61.57275563,64.02141656,47.44345149,54.33739702,46.47032111,62.22497068,52.78058736,42.17659015,28.44956426,22.29548807,38.55943319,43.44257542
LCA,0.010381819,0.01089956,0.009763686,0.009552621,0.009236447,0.008373225,0.011003542,0.010776587,0.010641917,0.009930114,0.021393996,0.017173383,0.016416211,0.019327595,0.025358972,0.018653969,0.02423865,0.018833842,0.011779669
LIE,0.009363902,0.008433566,0.009402943,0.008829964,0.006799439,0.006601353,0.008323731,0.009372459,0.010923511,0.009786685,0.009240635,0.008170656,0.006552387,0.005293184,0.005992884,0.001908062,0.002072411,0.001916677,NA
LKA,0.190956033,0.196220474,0.20378794,0.196684505,0.147444271,0.122251479,0.16293001,0.193905777,0.166633781,0.153163914,0.185696676,0.165828467,0.139067959,0.112850406,0.110176926,0.12881073,0.141237446,0.107293835,0.064697203
LSO,3.45870924,3.612947199,4.649729896,5.468173675,3.85504574,3.425952346,3.068439057,4.951750177,5.484777301,5.795270545,3.874081913,3.825862028,4.607965787,4.975237258,5.45913291,6.178574943,7.098965041,6.0686734,3.344852177
LTU,0.958419671,0.92589878,0.790435032,0.693253477,0.638610601,0.569458072,0.540883592,0.477005722,0.437354554,0.385511629,0.54858403,0.567274472,0.523032263,0.469255402,0.446911419,0.350858322,0.368422006,0.382236328,0.344371601
LUX,0.018978826,0.018889234,0.017277155,0.015122494,0.009754185,0.009924462,0.011619988,0.014645127,0.170169525,0.168429717,0.060163331,0.093570501,0.114924324,0.057804161,0.045927263,0.012855063,0.010300944,0.010353034,0.011717768
LVA,2.60037443,2.087713926,1.744821652,1.752076428,1.587574739,1.30862082,1.168198605,0.957817829,0.660603919,0.844255262,1.227070455,1.192333818,1.293364024,1.051904479,1.040971542,0.934589564,1.021295586,1.067852607,0.845168169
MAC,0.001108683,0.001260575,0.001301609,0.00167601,0.001427791,0.000775882,0.000767207,0.000919396,0.001353963,0.001229554,0.000909142,0.000922097,0.000636428,0.000518544,0.000700385,0.000662704,0.000750188,0.000699134,0.000336096
MAF,NA,NA,NA,NA,NA,NA,NA,NA,NA,NA,NA,NA,NA,NA,NA,NA,NA,NA,NA
MAR,0.724242752,0.799352657,0.7980188,0.629960469,0.489757799,0.500123129,0.73866854,0.807522,5.618870292,3.877846615,2.214006292,3.691535917,4.246265329,2.325217736,2.069183675,2.501581099,2.208309042,1.795778055,1.586964441
MCO,0,0,0,0,0,0,0,0,0,0,0,0,0,0,0,0,0,0,0
MDA,0.314848366,0.215460092,0.228419703,0.260696875,0.211968669,0.192447806,0.20221568,0.198871075,0.218514543,0.202429957,0.138868759,0.173109406,0.172595063,0.284675397,0.305651736,0.329677078,0.283313573,0.266657765,0.270791421
MDG,3.28303487,2.786758888,3.504721619,5.218665482,6.161943288,5.410858122,5.625511353,6.433670477,5.812821143,6.88094047,5.991034163,6.332178664,7.127352266,7.856124468,10.33833653,10.91943416,9.898775404,8.719289519,6.09048639
MDV,0.007423437,0.005417063,0.005344647,0.005158485,0.004684625,0.004815316,0.005008544,0.007331721,0.005554853,0.005294075,0.008965944,0.009071134,0.007473313,0.005226976,0.005174962,0.005869198,0.00663327,0.005261071,0.002571114
MEX,3.530324032,2.537442067,2.686900538,3.546823953,4.485226405,5.914777446,6.337356877,5.820274045,6.749164069,4.148433568,5.141643161,7.138783418,6.808678807,6.007400753,4.98136598,2.567102734,2.349141702,2.897146625,3.47499266
MHL,0,0,0,0,0,0,0,0,0,0,0,0,0,0,0,0,0,0,0
MKD,0.572277748,0.900098228,0.565733629,0.867787755,2.303848779,2.044321268,4.596675233,8.146423945,5.470991213,2.517434626,4.712397424,3.389814683,2.1796289,2.760240216,3.007552207,1.280147866,1.240178636,1.713282224,1.521359278
MLI,3.593572909,3.105372535,5.309546009,6.771677913,5.594731162,5.969230915,9.650241121,10.16997195,10.11740963,11.59213828,12.22247251,13.11742925,16.83042784,13.47494138,11.29798796,12.1067968,12.42883334,12.30660209,10.21325791
MLT,0,0,0,0,0,0,0,0,0,0,0,0,0,0,0,0,0,0,0
MMR,6.930652935,12.08539565,12.61192186,12.21975036,13.62980226,12.59736803,13.70912306,11.81507799,10.22393435,7.362432533,5.839706277,6.69467971,6.483536456,6.369755655,8.002151041,6.813420499,6.085378995,6.657156227,6.587145201
MNE,0,0,0,0.176843787,0.255442648,0.622181285,0.907407718,0.817585459,1.403096385,0.35069102,1.034163329,1.406027178,0.920441296,0.670273695,0.830384118,0.858620011,1.014140271,1.659351784,1.624795308
MNG,8.005073248,7.60520592,6.787331602,8.480238254,19.21306252,21.49677243,35.01665251,32.22250004,35.05381665,28.77828162,38.68213563,45.57826788,25.9215176,23.98968566,25.66946206,19.42857245,28.37066216,37.64476119,40.06930317
MNP,NA,NA,0,0,0,0,0,0,0,0,0,0,0,0,0,0,0,0,0
MOZ,6.323850569,6.369693433,7.199820984,10.18439881,8.003299637,8.117220319,8.567143348,10.15816518,10.59028424,10.54730974,11.24400384,12.06266555,13.55744578,12.74522652,13.30234524,13.27222641,16.84135732,18.89066591,15.76340154
MRT,9.074192984,9.601960618,8.841862503,9.956089485,10.92762254,19.30647217,27.41258733,40.77643031,42.65994225,24.34761173,37.68459551,36.46392568,30.65496948,29.61527244,25.4814784,16.24040797,15.9320972,18.91099988,16.17667205
MUS,0.011771006,0.011682864,0.011248817,0.010698957,0.006832013,0.006501874,0.008144582,0.008348553,0.008574986,0.011421218,0.00683374,0.004645521,0.003741996,0.001841821,0.001259368,0.00117583,0.003679214,0.003335224,0.002055829
MWI,10.06260347,9.808359059,5.736855362,8.621029804,6.358740912,6.662301021,6.704736708,7.869008076,8.637813715,7.004814577,5.938489094,5.861541642,8.792813859,9.745915465,9.547878963,9.245008185,10.8413454,9.60962066,6.224147676
MYS,10.97344742,9.306176681,8.80995322,11.04342298,10.82735091,12.90111972,13.89144247,12.9071582,13.7542658,10.24157628,9.578527185,10.08161049,9.765084202,8.877476962,8.689601908,6.818563477,5.260253954,6.024378149,7.541505707
NAM,0.559330059,0.536151299,0.795053531,0.951725885,0.951566182,1.292199936,2.752959664,6.082674954,3.128401717,2.28530753,2.902366885,2.709314444,2.434160564,2.23999601,2.634501301,3.607383117,4.478581646,4.931650075,4.656231165
NCL,5.86430531,NA,NA,NA,NA,NA,NA,NA,NA,NA,NA,NA,NA,NA,NA,NA,NA,NA,NA
NER,7.275101308,6.547189932,7.024510571,9.29014518,7.598438002,7.435094686,7.130528839,8.672545565,8.29982775,8.339319543,7.322615973,8.639106831,10.92169909,11.95671642,10.79874977,10.19777624,10.00937309,9.593692575,6.057944553
NGA,23.6452469,15.63716661,11.54311534,13.6737028,17.64912198,20.57572997,17.99946622,16.65952018,19.07679956,11.34734081,14.83362273,19.1656235,16.69264678,12.90619366,10.31554276,5.025502875,4.810420093,8.655323511,11.48387008
NIC,1.216356296,1.147318281,1.139219094,1.267883974,1.279063626,1.164978098,1.759933933,1.72177458,1.701322627,1.699928725,3.851873426,4.250610767,4.333304925,4.435392983,4.417154467,3.076456708,4.03749431,3.345246922,2.818328431
NLD,0.505253245,0.905463439,0.657792619,0.565774148,0.527590553,0.483046479,0.815776224,0.762262112,1.152384639,0.974275297,0.906566159,1.201463249,1.335302447,1.295207205,0.800249809,0.480484803,0.286239009,0.3604492,0.414187426
NOR,11.74569016,9.553705548,8.616165852,8.536175136,9.396104033,10.44321005,11.24079213,9.845914217,12.18747914,8.609349508,8.800114172,10.86271789,10.22203309,8.731984813,7.83065354,5.23280821,4.075353275,5.81374706,7.979729663
NPL,1.167014757,1.060806695,1.141898265,1.210283809,0.901648176,0.792751668,1.081808231,1.356154538,1.074101074,1.004027375,1.470747774,1.271747617,1.105027897,0.957504595,0.977153967,1.100329569,1.281174981,0.88090149,0.456871306
NRU,NA,NA,NA,NA,NA,NA,NA,NA,NA,NA,0,0,0,0,0,0,0,0,0
NZL,2.055924586,1.811961698,1.532059396,1.139724199,1.031460954,1.188525125,1.306360485,1.599903152,2.601981934,2.010977506,2.200426052,2.293611661,1.960933763,1.734830801,1.546959827,1.358559563,1.083754866,1.182874965,1.324697464
OMN,46.71687338,39.45160993,36.24694749,36.17041694,39.66047124,46.92313263,45.39769096,41.80841887,40.80262461,33.31713231,39.62510829,49.95398426,46.58621939,44.95048418,39.36568866,24.02510856,19.7911018,23.4233395,29.20238625
PAK,1.353947356,1.376550398,1.583789804,1.614787466,1.746613081,2.228811805,2.537463239,2.261269381,2.242093135,1.888994668,1.966253998,2.821606746,2.616805837,2.261245114,2.189683375,1.336275268,0.957622712,1.075918891,1.305541289
PAN,0.114890931,0.116760728,0.122581375,0.140072689,0.135714876,0.097219194,0.127248922,0.117726583,0.109519194,0.157234703,0.252785001,0.312610752,0.325390388,0.26682872,0.301831086,0.199101131,0.134529851,0.122699932,0.126954315
PER,2.078428399,1.312217335,1.304750756,1.601095565,3.585581848,5.475792374,12.40430298,13.25604183,10.94982599,7.919686045,10.78064622,12.53444469,10.35393389,8.510687954,7.431386015,6.5818747,7.353961826,9.0358386,8.902084074
PHL,0.502225777,0.518432461,0.755209937,1.031017157,1.118608745,1.170635327,2.032958982,4.223007116,2.064216891,2.080399721,2.850422032,4.088146604,2.480125347,1.917913382,2.535432369,1.662746702,1.176200021,1.287208423,1.470657536
PLW,0,0,0,0,0,0,0,0,0,0,0,0,0,0,0,0,0,0,0
PNG,32.92613568,30.86664908,32.99631741,33.13209262,38.57806346,39.09262786,36.71229951,31.76533103,33.22374133,27.70243076,29.86235036,28.46446418,23.20268379,18.39383353,21.00343573,20.11268969,20.39775131,21.5444349,24.51946501
POL,0.66060232,0.901829191,0.631611133,0.678367228,1.576616434,1.35378231,1.807283832,1.514385683,2.264821238,1.233664555,1.626728116,1.987954329,1.472801988,1.069151661,0.938248474,0.854800275,0.831063896,0.99273183,0.966189862
PRI,0,0,0,0,0,0,0,0,0,0,0,0,0,0,0,0,0,0,0
PRK,NA,NA,NA,NA,NA,NA,NA,NA,NA,NA,NA,NA,NA,NA,NA,NA,NA,NA,NA
PRT,0.149382348,0.114829766,0.114312587,0.112147127,0.121596498,0.150238754,0.271574732,0.305126967,0.264591558,0.200363625,0.259715914,0.318590295,0.315382476,0.280839884,0.291123136,0.282244293,0.166564452,0.185073024,0.182738663
PRY,1.457872972,1.607574474,2.059974763,2.140509429,1.639644947,1.565200181,1.827203212,1.646859459,1.381190611,1.516351013,1.942256583,1.428812912,1.472470493,1.443227589,1.510450959,1.517169412,1.737993584,1.423172489,1.208297245
PSE,0,0,0,0,0,0,0,0,0,0,0,0,0,0,0,0,0,0,0
PYF,0.000964199,NA,NA,NA,NA,NA,NA,NA,NA,NA,NA,NA,NA,NA,NA,NA,NA,NA,NA
QAT,42.01828325,35.80081834,31.69204329,34.07397448,37.2698728,43.27998796,39.20718768,35.78447447,36.0177507,29.66742167,33.8944636,40.81711637,37.5918951,35.08100395,30.63022725,20.00435653,15.32955165,17.92598955,21.29103988
ROU,3.4958862,3.640956248,2.742716263,2.459012336,2.426359041,2.070582955,2.230472724,1.682311432,2.075295566,1.494583779,1.737345756,2.323683278,2.244045207,1.862107682,1.44561737,0.93850951,0.674237825,0.862435411,1.036131854
RUS,21.70675203,19.93174778,17.40296418,17.57430287,17.09663338,18.2324086,19.39162352,16.98561736,19.24176328,15.35309773,15.90255977,18.02092559,15.92586905,14.04255311,13.27559098,10.2978692,8.679467892,10.80799102,15.52869908
RWA,5.994262672,6.281732682,7.512273909,10.51217854,7.987277899,6.687298285,5.274931367,6.097540757,8.144190228,6.837688322,6.212173441,6.545105792,6.17790026,6.178907012,6.355689108,6.045666265,5.98633487,5.819315602,4.022617648
SAU,43.1750733,35.07550169,32.87312376,38.72188041,44.3808398,51.17200878,52.18055347,49.10570171,55.34139391,35.26390097,38.80589464,50.48567645,48.56400417,45.56529281,41.2438309,24.21029757,20.02787435,23.73606607,29.54625822
SDN,10.136839,7.047203905,7.265909821,7.298530339,13.50148092,17.44654132,17.05802737,18.38838008,23.12642855,12.31980923,15.62816577,24.28697956,9.966816457,11.16795589,8.380985644,5.420582998,8.792914042,12.05785471,22.09492938
SEN,2.464287792,2.314926137,2.507869721,2.818374922,1.971401426,1.928634704,1.917924513,2.17737343,3.028393363,3.918639435,3.194543813,3.872005557,5.06047679,3.827165672,3.687548397,4.106948471,4.275357756,3.641516424,2.589823393
SGP,0.000326034,0.000402379,0.000433988,0.000593717,0.000555645,0.000311137,0.000323625,0.000395166,0.000620723,0.000577562,0.000453216,0.000514112,0.000393117,0.000335629,0.000490477,0.000382737,0.000423973,0.000412995,0.000187593
SLB,4.911432469,5.608136904,7.128105488,12.03531437,9.250669443,11.96896381,16.80650946,22.46386706,23.78108971,17.5499461,20.94755974,23.86472374,25.89272391,22.43573499,25.19837636,20.88890712,18.72095275,23.23373504,22.08158907
SLE,14.25444673,8.040941489,8.424433535,12.87893185,11.1090372,9.804756815,9.162901051,11.93198196,11.48081726,12.26353469,10.46579601,12.13098214,27.98108557,53.62518762,36.83943331,12.51272976,17.47202296,18.57873142,7.880184192
SLV,0.497077306,0.485786941,0.456180575,0.445015904,0.43056705,0.405600186,0.543394786,0.565770463,0.591889848,0.576957618,1.028737698,0.818942456,0.769154951,0.87734627,1.054789901,0.829458453,1.001944963,0.83095185,0.597255898
SMR,0,0,0,0,0,0,0,0,0,0,0,0,0,0,0,0,0,0,0
SOM,NA,NA,NA,NA,NA,NA,NA,NA,NA,NA,NA,NA,NA,NA,NA,NA,NA,NA,NA
SRB,1.945858433,1.490610629,0.694761164,0.565274184,1.849647641,1.288586167,1.466986317,1.461990501,2.712128041,1.137740225,2.183473971,2.832138773,2.124572458,1.571378625,1.410854426,1.167604753,1.091733237,1.312295982,1.290372516
SSD,NA,NA,NA,NA,NA,NA,NA,NA,62.73408977,36.51758639,45.84369503,57.33087749,7.430246367,18.19986328,26.23162361,11.24559738,NA,NA,NA
STP,NA,2.965313992,3.191138395,4.008662942,3.060730567,2.712065633,2.683484077,3.614185709,3.519154983,3.51016262,3.95977166,3.794982483,3.786983093,3.229189974,3.036643093,3.526710645,3.229792151,3.05115485,1.904152098
SUR,13.31835708,13.73582606,9.296065943,8.305965897,9.905546363,12.93270222,12.94723477,13.89879338,15.51252594,11.39005829,24.74675917,35.74947539,34.45207871,26.84477077,21.00493982,15.72570017,26.22612367,29.25034721,29.19476079
SVK,0.391665053,0.360350792,0.257258906,0.263166843,0.304021383,0.330270624,0.306830396,0.336331651,0.395870047,0.269617491,0.335027711,0.358061037,0.527027596,0.470761306,0.442706238,0.31304822,0.324549427,0.337448046,0.276491332
SVN,0.166528473,0.207377065,0.138768466,0.147474927,0.244006639,0.189751704,0.212347617,0.227931206,0.389092442,0.196797956,0.276844757,0.35200527,0.24210279,0.19535715,0.259560713,0.255780282,0.268906,0.245935127,0.229481858
SWE,0.26062597,0.269838029,0.309106869,0.266803344,0.236058482,0.496974952,0.572639489,0.827576572,0.924167804,0.495903812,0.998307759,1.040318364,0.742627939,0.702274879,0.566929648,0.393845332,0.435846292,0.55544244,0.537634002
SWZ,2.964851766,3.47731341,4.482498804,2.885049328,2.39271762,2.050345927,1.887498271,2.374883948,3.005861156,2.520842258,2.198669629,2.30140301,4.547403388,5.585246225,3.645913613,3.157295478,4.209453264,3.557124076,2.350258829
SXM,NA,NA,NA,NA,NA,NA,NA,NA,NA,NA,NA,NA,NA,NA,NA,NA,NA,NA,NA
SYC,0.106691975,0.099596341,0.103564635,0.118654334,0.065813676,0.089150689,0.1026628,0.107701101,0.178606459,0.161164193,0.147076426,0.149876294,0.164496344,0.129577621,0.127854122,0.116328675,0.101769728,0.110469506,0.094351556
SYR,26.83621056,21.54053814,22.99903533,25.61771299,21.72800636,26.16083026,25.43736509,21.56175492,NA,NA,NA,NA,NA,NA,NA,NA,NA,NA,NA
TCA,NA,0.001950176,0.00177744,0.001763698,0.001607743,0.001344816,0.001651895,0.001660992,0.001650921,0.001924121,0.0047019,0.003871362,0.00394063,0.00477254,0.006094201,0.004376962,0.005651383,0.004764048,0.002972077
TCD,10.59349074,8.327720007,8.649644367,13.70371561,37.15544937,38.02556062,36.62317059,34.25361167,36.46142045,20.19613906,24.76702265,30.71075095,28.59377287,22.72295006,20.2001741,13.36028264,13.27816427,21.5451337,23.95442915
TGO,7.602394951,7.090998326,7.369624102,9.658412405,6.325869442,7.272345318,8.626515246,12.10988247,17.83968556,18.78408908,15.81128528,24.90780665,31.15725883,25.09402984,21.39346121,19.76067853,18.20853441,16.40808322,11.16749076
THA,1.572785306,1.527074101,1.422503236,1.944134455,2.07468268,2.578301813,2.898186833,2.828432227,3.771309467,2.578358528,2.69818417,3.175361714,3.084863219,2.823295271,2.902203177,2.055915232,1.608761844,1.649590219,2.010224386
TJK,0.450299196,0.436572167,0.532718732,0.725702714,0.821926337,0.674160155,0.967715845,0.940623341,0.953371152,0.798286202,1.365142735,1.960756116,1.94438267,1.757369045,2.721879819,3.313294464,5.131976275,5.935168032,6.766636084
TKM,71.11066197,86.2523063,63.22321395,58.46541065,51.75750953,53.6881768,64.50248487,62.9922458,65.14386227,29.22426607,30.38785536,43.35981332,38.81013981,33.42711487,24.08840497,18.1312702,11.91602575,17.34407291,24.66968209
TLS,0.403628844,0.349596313,0.385771267,0.520152002,NA,NA,NA,NA,NA,NA,NA,NA,NA,NA,NA,NA,50.50226248,57.6747237,33.5451186
TON,0.028344713,0.033460016,0.035606423,0.041612279,0.031563383,0.023475579,0.039225386,0.047866135,0.054824462,0.05394034,0.048160346,0.046538998,0.039634628,0.039853245,0.051472659,0.043260819,0.049446885,0.047874585,0.034821623
TTO,14.36779301,10.42900343,11.44765438,12.23314239,12.74433193,17.34552753,19.10475965,15.42326501,14.73756682,14.72812426,13.75776778,17.64441579,17.47877489,16.62973768,13.03081767,7.316701552,4.791029488,7.211919767,10.61302721
TUN,3.631490161,2.807761499,2.75458561,2.494732306,2.982573367,4.361158732,4.733548582,6.048237417,9.648345382,6.810777593,5.831451081,6.703644311,7.096390251,5.923552286,4.882187452,2.89484896,2.301125648,2.522187809,3.286419711
TUR,0.235864493,0.303550906,0.212205862,0.198767025,0.283019154,0.275362315,0.370688705,0.426776102,0.639043184,0.384522793,0.536560252,0.700051442,0.560164115,0.482721426,0.416231036,0.310795241,0.302599652,0.381377338,0.477268898
TUV,0,0,0,0,0,0,0,0,0,0,0,0,0,0,0,0,0,0,0
TZA,3.510791133,3.360495734,4.062735029,6.112352528,5.214272958,5.264281549,6.532315105,7.284772906,7.070648571,7.45158944,7.478776021,9.064137147,8.734927924,7.143444442,6.402340629,6.771965482,6.803871222,6.232841657,4.683778632
UGA,12.04225517,12.41449556,14.19516969,21.78688586,15.24468246,14.15074085,13.35730256,15.6936079,16.76201674,9.542435346,8.170235198,9.232478217,10.73486211,10.80466657,10.60442473,11.28777804,12.96945087,12.02504097,7.467531597
UKR,4.049880076,5.287572176,4.181853732,3.995661305,4.643991634,6.395002994,6.658354646,7.904650388,9.956242618,7.070995382,9.044101912,10.05961365,6.907641676,6.343764504,5.687845463,4.093136002,3.52347878,3.95082695,3.71306214
URY,0.175884455,0.210800661,0.452692063,0.627576708,0.759740931,0.756702404,1.097336002,1.28745028,1.582499585,1.371001996,2.032331644,1.382559595,1.189957412,1.292150682,1.470978691,1.741736584,1.763559078,1.510104714,1.597521345
USA,0.969664206,0.878167346,0.599652728,0.788646895,1.18144816,1.224796157,1.094148278,1.040404326,1.912370912,0.770862912,0.917193075,1.226419147,0.826186247,0.785272959,0.664931284,0.274171912,0.33945281,0.477291211,0.711242137
UZB,16.39158929,26.89653979,24.76759115,27.45914953,24.5023719,23.15509828,33.38491514,29.52458,33.55873806,24.5068342,17.77164276,21.49512078,20.3837763,18.58245347,13.01196597,8.673074031,7.247471798,12.50847147,18.94626205
VCT,0.021308549,0.019390976,0.016030704,0.01621698,0.015375086,0.013831551,0.018085316,0.016459545,0.017016211,0.015764171,0.03528671,0.030051245,0.028325877,0.032995011,0.044910537,0.032552437,0.042885825,0.035269334,0.022457887
VEN,19.37399285,13.22007064,18.12400283,22.63459175,24.96705117,28.23856709,25.98070916,21.33141145,21.00154791,9.054821484,10.71463016,20.50913391,16.09698994,15.66119917,10.35906624,NA,NA,NA,NA
VGB,NA,NA,NA,NA,NA,NA,NA,NA,NA,NA,NA,NA,NA,NA,NA,NA,NA,NA,NA
VIR,NA,NA,0,0,0,0,0,0,0,0,0,0,0,0,0,0,0,0,NA
VNM,9.159784102,7.88299178,7.507715441,8.009865952,11.81167761,12.20430447,12.56038873,11.63935899,14.15638299,7.47518679,9.401405873,11.12403699,9.324333486,7.727732003,7.10818283,4.443219967,3.614618221,3.901946773,4.320103336
VUT,0.802617573,0.755674112,0.796909305,0.912436275,0.674618263,0.554777763,0.717698238,0.768503455,0.947862019,0.846864477,0.79665333,0.818774115,0.764014393,0.70665653,0.934593795,0.810132552,0.829513351,0.794810601,0.535740898
WSM,0.453318231,0.53730979,0.554184166,0.549251177,0.391074926,0.309647101,0.267294211,0.332325221,0.484963506,0.476381239,0.421173837,0.483401233,0.401122175,0.36497819,0.541403562,0.408666137,0.457963433,0.465520777,0.268609116
YEM,42.33953619,34.14674795,31.91184821,33.10829429,35.0307623,42.37468003,41.60406229,33.41274716,33.9426637,20.64904763,23.46545043,26.46370836,19.28651575,14.2126928,11.34654561,2.354641622,0.982505816,0.883070644,2.688356266
ZAF,3.054359676,4.580072878,4.208613912,3.747118926,5.587368037,4.918177186,5.715616598,7.167750002,12.96010392,6.039803548,7.690357706,8.664772985,7.293230483,6.997347009,5.800954252,4.508250468,5.001995476,5.269246464,5.168947628
ZMB,9.545041363,6.912722278,8.569012655,13.42799712,16.38420876,16.91138122,23.14394997,25.43574114,21.01868642,22.53968787,24.0416988,24.51261544,21.8781667,19.63131195,18.68714008,20.44987221,19.94687778,20.58049193,19.11167072
ZWE,3.624265296,3.787635043,4.371281236,7.123114324,9.029125723,9.325117188,12.09402852,16.81659405,19.47043882,7.397110133,7.754621442,9.499246514,8.092274469,6.534713634,7.159929128,6.865975502,7.134862608,7.006571337,5.74518718
