ISO_alpha3_code,2000,2002,2003,2004,2005,2006,2007,2008,2009,2010,2011,2012,2013,2014,2015,2016,2017,2018,2019
ABW,NA,NA,NA,0.737520695,1.153230071,1.017273426,0.972128868,0.967198193,1.25234437,1.281883955,1.273587823,1.28464973,1.278059244,1.276822448,1.273941755,1.279367566,1.294320345,1.306016803,1.294188738
AND,1.535655499,1.437128186,1.422261953,1.563076615,1.528181553,1.3299793,1.305506468,1.325321794,1.322938085,1.324308634,1.360453367,1.433837652,1.406641722,1.165938854,1.194476604,1.17659831,1.160519242,1.069697261,1.139153957
AFG,-2.031416893,-1.433421016,-1.177571177,-1.203033924,-1.12542963,-1.110293984,-1.057653904,-1.168901801,-1.375496507,-1.404468179,-1.335976958,-1.267430067,-1.240068316,-1.135444999,-1.117563009,-1.037837505,-0.990476131,-0.99295342,-0.988032281
AGO,-1.458064675,-1.238779068,-1.272615314,-1.285479784,-1.234719396,-1.252087951,-1.18531394,-1.119346857,-1.126124859,-1.120539427,-1.125478387,-1.076246738,-1.113843441,-1.145493984,-1.177248359,-1.139599919,-1.096925616,-0.918337405,-0.777283192
AIA,NA,NA,NA,0.854418099,0.903781235,1.017273426,0.972128868,0.967198193,0.963812232,0.988284528,1.009051681,1.025671721,1.004767299,NA,NA,NA,NA,NA,NA
ALB,-0.285138667,-0.008150226,0.070307702,0.007237501,0.003671779,0.075889945,0.113008492,0.174939096,0.141477272,0.123821586,0.062333763,0.022064054,0.048892584,0.143760741,0.157148644,0.170926735,0.203327075,0.207610682,0.151804656
ARE,-0.516841352,-0.631543517,-0.912192345,-0.687912881,-0.708473206,-0.999829352,-0.906883299,-0.91238147,-0.838312089,-0.903512776,-0.896244109,-1.000819206,-1.019483566,-1.061368585,-1.112425327,-1.050370812,-1.096394658,-1.109071016,-1.122035861
ARG,0.418346971,0.260062754,0.349125266,0.362040877,0.269231677,0.403436512,0.448621333,0.358895928,0.280047506,0.361689448,0.344941825,0.295209914,0.27698788,0.345320523,0.41178754,0.493350893,0.527963459,0.561649084,0.600434899
ARM,-0.374595284,-0.444421142,-0.467406183,-0.572165549,-0.591363311,-0.742222786,-0.759377897,-0.857629657,-0.876475453,-0.847555041,-0.690779805,-0.570491433,-0.588030756,-0.562082946,-0.536293566,-0.57928139,-0.560751379,-0.11326573,0.050042748
ASM,NA,NA,NA,0.503726006,0.654332519,0.548463166,0.972128868,0.967198193,0.963812232,0.988284528,1.009051681,1.025671721,1.004767299,NA,NA,NA,NA,NA,NA
ATG,0.390961945,0.336637646,0.317483664,0.57303077,0.533180118,0.631312072,0.543636024,0.573908567,0.589428127,0.495848954,0.511174679,0.640056968,0.618955672,0.558710754,0.594992816,0.633662701,0.607838929,0.599627852,0.760443568
AUS,1.471305132,1.407233238,1.442127824,1.501541972,1.507055759,1.382794738,1.369199991,1.368076086,1.383791804,1.419765711,1.453721046,1.499190331,1.436413765,1.361716032,1.355591297,1.353702068,1.385700464,1.428863406,1.315125465
AUT,1.317559481,1.307496905,1.343882084,1.475651145,1.378656507,1.372684956,1.369262457,1.35846436,1.392845631,1.430291057,1.402443647,1.448773026,1.456567407,1.391321301,1.38353312,1.33748126,1.342784643,1.380758286,1.326598525
AZE,-0.906229019,-0.981288195,-1.044704556,-1.056702495,-1.124163508,-1.279161215,-1.233396649,-1.325132132,-1.259756207,-1.304588437,-1.301847577,-1.29948163,-1.402769446,-1.479177833,-1.552387357,-1.561035752,-1.562905073,-1.496132135,-1.49178791
BDI,-1.489835978,-1.164891243,-1.177996397,-1.281000972,-0.634234488,-0.723143578,-0.714045227,-0.685290635,-0.689439297,-0.942693591,-0.927631855,-0.894518375,-0.953051269,-1.041284084,-1.272203445,-1.555503607,-1.574970245,-1.658290505,-1.708203673
BEL,1.366504431,1.377452493,1.478290319,1.440266132,1.420762181,1.342394352,1.36077106,1.324988484,1.346693039,1.360687137,1.325163245,1.349421859,1.373045683,1.366339207,1.387440085,1.377025843,1.384981036,1.397338629,1.369119644
BEN,0.412923425,0.050879639,0.187651932,0.053056307,-0.029964088,0.36277771,0.36818099,0.344647497,0.342523307,0.314488977,0.166390568,0.12448547,0.155496404,0.266302288,0.296121269,0.40985474,0.381654203,0.267580748,0.092065193
BFA,-0.230154827,-0.387816608,-0.30972442,-0.433708847,-0.44652009,-0.34183386,-0.307009161,-0.283480763,-0.289742321,-0.252950281,-0.280185461,-0.304970831,-0.255426049,-0.351851881,-0.114341825,0.014498615,0.065185256,-0.043129988,-0.180090681
BGD,-0.227924496,-0.432220519,-0.551806808,-0.672145784,-0.569969237,-0.451236516,-0.573499918,-0.442116976,-0.289077908,-0.268095285,-0.31506893,-0.401940703,-0.405386418,-0.473929763,-0.512046933,-0.583878577,-0.614950418,-0.726860642,-0.721775413
BGR,0.46049872,0.528531313,0.545892,0.569690168,0.59489274,0.577117205,0.690935373,0.577976346,0.560484111,0.531485736,0.450080156,0.400915593,0.337270766,0.366463035,0.43257302,0.402185678,0.379908949,0.324619412,0.38491869
BHR,-1.056879878,-0.571163654,-0.590705574,-0.561549425,-0.743174851,-0.903966546,-0.856526554,-0.868917465,-0.791000724,-0.965910077,-1.217316866,-1.318024635,-1.317464471,-1.311062574,-1.313066244,-1.372085452,-1.386647701,-1.405622602,-1.412584305
BHS,1.202225447,1.18893683,1.032271743,0.984539509,0.942519128,1.020233631,1.098432422,1.121914268,1.007146001,0.988209665,0.960108459,0.934573889,0.924448729,1.047353506,0.951474488,0.852155507,0.84867382,0.795762599,0.934263945
BIH,-0.10834337,-0.087044545,0.209610566,0.168824628,0.213584766,0.187260151,0.131010443,0.01515203,0.003142807,-0.082464479,-0.159754992,-0.100325383,-0.116462924,-0.070975274,-0.098100983,-0.131202176,-0.205969095,-0.242181703,-0.199286312
BLR,-1.312422276,-1.451897144,-1.458550334,-1.597364068,-1.766817331,-1.753809452,-1.704454184,-1.593317866,-1.547588706,-1.555038214,-1.660208344,-1.567181349,-1.544428706,-1.442871571,-1.465078473,-1.339444995,-1.355395555,-1.350488424,-1.402501941
BLZ,0.975879788,0.796831012,0.842791498,0.74007237,0.688429058,0.544680774,0.526492059,0.646870255,0.744926989,0.685301244,0.695515275,0.695277274,0.711436152,0.520088315,0.578133345,0.570830047,0.569899917,0.4509058,0.53171438
BMU,0.939376175,1.125523925,1.200390577,1.134971619,1.153230071,1.017273426,0.972128868,0.967198193,0.963812232,0.988284528,1.009051681,1.025671721,1.004767299,NA,NA,NA,NA,NA,NA
BOL,0.189972907,0.140369892,-0.056417339,-0.170450285,-0.156710416,0.07646361,0.042223975,0.002961717,0.006946406,-0.039268941,-0.068237796,-0.081585295,-0.068993039,-0.02631977,-0.004669643,-0.036425006,-0.024949195,-0.039644103,-0.091236085
BRA,0.301593602,0.472238034,0.442828864,0.388609469,0.45767951,0.500075698,0.537074029,0.568985701,0.522006929,0.571348846,0.513676167,0.477906197,0.417426258,0.471927881,0.458851516,0.451849371,0.453934342,0.397925586,0.344425142
BRB,1.264497519,1.231308818,1.155707598,1.104969382,0.949198723,1.037203312,1.029950738,0.946911216,1.12787199,1.136577368,1.114058852,1.132978678,1.137358308,1.145061851,1.096536398,1.085793257,1.1124928,1.124694467,1.131866813
BRN,-0.712918997,-0.833585382,-0.776591659,-0.797836304,-0.776663303,-1.098655343,-1.061536789,-1.018134356,-0.730715275,-0.650571167,-0.610339284,-0.506374061,-0.505072534,-0.625025094,-0.754147708,-0.901009381,-0.948349178,-0.843014836,-0.948953927
BTN,-1.112356544,-1.290270805,-1.146781921,-0.965037048,-1.072155476,-1.058763504,-0.872591913,-0.505405188,-0.46180886,-0.416917801,-0.404029369,-0.280920058,-0.158783644,-0.102953024,-0.034818377,-0.025918337,0.010606111,0.060720865,0.098764874
SSD,NA,NA,NA,NA,NA,NA,NA,NA,NA,NA,-1.114089131,-1.33308959,-1.442379832,-1.617889285,-1.594526291,-1.796338677,-1.821208715,-1.978179574,-1.974808574
BWA,0.674277008,0.666893184,0.70607698,0.735869944,0.594607651,0.513100147,0.507903636,0.513504624,0.437099516,0.455533296,0.425984055,0.532969713,0.489367247,0.435417175,0.440341711,0.39674589,0.387841463,0.47626856,0.526031435
CAF,-0.670608699,-1.003465772,-1.248254657,-1.309359193,-0.994375527,-1.014793634,-1.083287358,-0.9880777,-1.003473043,-1.104218125,-1.087498307,-1.241135001,-1.474687338,-1.391623259,-1.22552073,-1.08230722,-1.107355595,-1.191067934,-1.20164609
CAN,1.531965375,1.499053836,1.547556758,1.668454528,1.506879449,1.415594816,1.384671569,1.40752852,1.401845694,1.352596402,1.380144596,1.437505364,1.453486681,1.412359953,1.467126369,1.445155263,1.476375461,1.526058078,1.462505341
CHE,1.413346887,1.42574501,1.453932285,1.692533612,1.586438179,1.518005848,1.503814697,1.516829848,1.553311944,1.584911585,1.584807515,1.640122056,1.628098488,1.559489489,1.558500648,1.531852841,1.555471897,1.616491318,1.527955413
CHL,0.888868988,1.087187409,1.056120157,1.225285053,1.292520523,1.08234477,1.104882002,1.01350832,1.016847134,1.095608711,1.073909163,1.076945186,1.106285453,1.05591476,1.004488349,0.995685697,0.999402523,1.056806803,1.019602299
CHN,-1.384080529,-1.594193101,-1.512429118,-1.462463975,-1.500785112,-1.74897027,-1.721250176,-1.699497223,-1.701171041,-1.68054831,-1.637609124,-1.63794148,-1.631408572,-1.616668105,-1.660776973,-1.559631824,-1.503041983,-1.44765389,-1.61237216
CIV,-0.932406247,-1.067058206,-1.154527545,-1.219648838,-1.294619322,-1.27867806,-1.202089906,-1.167560339,-1.06437993,-1.048398018,-1.081876755,-0.777749956,-0.75119108,-0.50768739,-0.407341182,-0.308442324,-0.283214927,-0.231518731,-0.222573861
CMR,-1.060406923,-1.097048998,-1.060005665,-0.974191248,-1.034067273,-1.023897529,-1.04956615,-1.067795634,-1.040357351,-1.058277369,-1.033121228,-1.021581054,-1.036896348,-0.94434166,-0.954078138,-1.030125856,-1.050572515,-1.11505425,-1.194610357
COG,-1.430073023,-0.91310972,-0.827222049,-0.964100897,-1.079140425,-1.208369255,-1.233997107,-1.155456424,-1.104502559,-1.062742472,-1.107997775,-1.155133367,-1.117779732,-1.108313203,-1.016873956,-1.160179496,-1.121136665,-1.180254459,-1.261731863
COK,NA,NA,NA,NA,NA,NA,NA,NA,-0.386081517,-0.35733369,-0.407198876,-0.4767389,-0.464022815,NA,NA,NA,NA,NA,NA
COL,-0.438140959,-0.416357487,-0.429242462,-0.318785131,-0.322521359,-0.172736719,-0.165321589,-0.165922627,-0.149610877,-0.132379189,-0.059714235,-0.063991345,-0.081278823,-0.043316167,0.003927132,0.121822357,0.112068705,0.190300047,0.22948347
COM,-1.032639146,-0.344777495,-0.574106872,-0.518591583,-0.630450964,-0.221685231,-0.388406992,-0.287370533,-0.341994405,-0.422287345,-0.373951972,-0.466148853,-0.460561037,-0.29174611,-0.291168272,-0.290268272,-0.335658878,-0.478405952,-0.68938446
CPV,0.803981602,0.691441357,0.594847262,0.649413168,0.441597372,0.782895863,0.863329768,0.937762976,0.891081154,0.894677579,0.97009629,0.93871963,0.916024446,0.956972718,0.943873703,0.979162574,0.967156112,0.998429537,0.968936265
CRI,1.094698906,1.110818624,0.964284658,0.971273601,0.816958487,0.915722609,0.935347319,0.966759682,1.005792499,1.039889574,1.053862691,1.088219762,1.078483462,1.138346195,1.151578665,1.117966413,1.120646477,1.141728044,1.1252985
CUB,-1.635162115,-1.648629546,-1.789759636,-1.785588145,-1.805157542,-1.88721025,-1.853983164,-1.800638914,-1.703884602,-1.616888046,-1.610356808,-1.51460743,-1.478674173,-1.544797778,-1.558119297,-1.560148597,-1.55170846,-1.444532037,-1.424032569
CYM,1.59120369,1.57331872,0.963297606,0.877797484,0.903781235,0.782868326,0.744717002,0.746175408,0.558976352,0.577670813,0.579870045,0.574214995,0.548934817,0.473134667,0.469160438,0.474939346,0.484824479,0.492122293,0.495672584
CYP,1.057137489,1.117119074,0.994463027,0.950031281,0.955872655,1.052067399,1.066655755,1.084034085,1.068028331,1.02339077,1.053583145,1.022023559,0.980822682,1.019970298,1.031583905,1.046639562,1.055182934,1.038192153,1.077344537
CZE,0.762775123,1.016403556,1.014175177,0.954461277,0.90567255,0.962292731,0.995283782,1.032758713,1.033044815,1.014817715,1.022664309,0.97037971,0.984533489,1.026667476,1.042760968,1.025371313,0.972297847,0.931392372,0.936853111
DEU,1.314802051,1.414031386,1.413554311,1.496040106,1.485833883,1.365230918,1.336478472,1.336777806,1.334961534,1.297783494,1.349210739,1.393738031,1.406184077,1.436330318,1.42199707,1.364374995,1.389824986,1.423473358,1.335723877
DJI,-0.877741814,-0.830886364,-0.666397214,-0.784367919,-1.109946132,-1.120305538,-1.196665525,-1.196742058,-1.209395885,-1.265670776,-1.411138177,-1.434044123,-1.471034884,-1.430809975,-1.412141204,-1.370006442,-1.405163169,-1.351727605,-1.406524897
DMA,1.093752384,1.109613538,1.053587675,0.985611916,0.932384193,1.005350828,0.997471571,1.034413218,1.012253761,0.982540607,0.987989783,0.946590006,0.966706514,1.06705606,0.878887236,0.899457276,0.883894384,0.818748176,0.896702051
DNK,1.535965323,1.532867908,1.601452231,1.800991774,1.739608884,1.5716362,1.477704406,1.538305998,1.538261056,1.541957259,1.551707029,1.674114227,1.666270614,1.524577379,1.552826166,1.541422009,1.51552546,1.611867309,1.578778863
DOM,0.225749969,0.237251297,0.023253517,0.047007095,-0.070553929,0.205657691,0.197003692,0.164732441,0.089798309,0.073861636,0.090433285,0.124592215,0.115369543,0.188960612,0.154268429,0.1819112,0.158794791,0.140723243,0.201905012
DZA,-1.110052228,-1.044660211,-1.076718092,-0.802059054,-0.715685964,-0.916875541,-0.984122396,-0.979712248,-1.038431048,-1.02233839,-1.004121184,-0.906026602,-0.893353224,-0.815198064,-0.849065185,-0.86288929,-0.90374887,-0.981677532,-1.037678838
ECU,-0.247218117,-0.044988766,-0.121541075,-0.244635746,-0.363743484,-0.253862709,-0.161115885,-0.222304702,-0.250361204,-0.2310853,-0.293364823,-0.296114117,-0.252721816,-0.202465162,-0.211754784,-0.24716796,-0.172340497,0.024348162,0.060943637
EGY,-0.894506156,-1.102290034,-1.083185434,-0.947557926,-0.964780927,-1.199265122,-1.167745471,-1.212239385,-1.157500863,-1.188053608,-1.139983296,-0.765063465,-1.051558971,-1.18059957,-1.190416574,-1.204502225,-1.250686049,-1.311535835,-1.428673267
ERI,-1.470739365,-1.824391365,-1.932921529,-1.907014132,-2.184898615,-2.084116697,-2.115926266,-2.15996933,-2.20277977,-2.198293447,-2.226054192,-2.208767176,-2.196416616,-2.113502741,-2.106808662,-2.169759035,-2.164304256,-2.174926996,-2.19320941
ESP,1.277019858,1.27498734,1.270559311,1.323611856,1.1314044,1.07872498,1.123086691,1.185325623,1.176973462,1.122543097,1.085865974,1.064178824,0.988870561,0.993725598,1.044831276,1.041618347,1.027543545,1.065459967,1.085453153
EST,0.98800236,1.072951317,1.07057941,1.093419075,0.992168546,1.068221688,1.073010921,1.09165287,1.085522056,1.105651855,1.133725882,1.111924648,1.116848588,1.17031002,1.186864018,1.20804739,1.213275194,1.21306777,1.210471869
ETH,-1.031738877,-1.226131916,-1.114733219,-1.180990577,-1.238757253,-1.19371748,-1.203704953,-1.30721271,-1.298283458,-1.344842553,-1.362643838,-1.308907866,-1.313026309,-1.284353971,-1.298412919,-1.402078986,-1.431522369,-1.148297071,-1.046125174
FIN,1.593033314,1.552903652,1.572457075,1.783608437,1.687096953,1.494072199,1.460226774,1.463081241,1.465268016,1.486713052,1.507551432,1.60069716,1.573705554,1.541917205,1.543586493,1.53179431,1.553073049,1.612457037,1.588976979
FJI,-0.346214205,0.028650643,0.066641822,-0.037026647,0.049308639,-0.325200796,-0.650255859,-0.704701424,-0.910687804,-1.106355906,-1.093061566,-0.978677988,-0.909593165,-0.176634297,0.027780429,0.028549671,0.18041946,0.218656659,0.094157383
FRA,1.182986617,1.154342294,1.122662783,1.45645833,1.476771235,1.298722863,1.259766817,1.304794312,1.244508862,1.202856779,1.170668364,1.238105774,1.219246626,1.218159556,1.206640601,1.136472583,1.149478793,1.18063128,1.141659498
FSM,1.007038713,1.023825049,1.035866261,0.786521435,0.949673951,1.065407753,1.058531404,1.086042166,1.07439065,1.050894141,0.997179151,0.977706373,0.996572316,1.110941887,1.134734869,1.147597075,1.145015121,1.146119118,1.094264627
GAB,-0.470682234,-0.526887536,-0.662809372,-0.780080676,-0.82700175,-0.950213253,-0.866477549,-0.845180631,-0.971219182,-0.865145862,-0.905199349,-0.863606691,-0.863370001,-0.865721822,-0.894151211,-0.96696955,-1.05879426,-0.947199762,-1.030654907
GBR,1.323269844,1.283422589,1.333042264,1.597445846,1.443956375,1.378773689,1.335596442,1.321022868,1.303301334,1.289994001,1.29741168,1.339132667,1.32903707,1.275789618,1.297836781,1.295398593,1.333097458,1.385116577,1.263674736
GEO,-0.283675969,-0.505115449,-0.177865684,-0.078266896,-0.090371139,-0.092710018,-0.230410203,-0.256853878,-0.188830778,-0.160890982,-0.172698855,0.021580778,0.138814509,0.284665972,0.274587929,0.295214534,0.264296144,0.248045906,0.196047381
GHA,0.070623517,0.02841652,0.271764487,0.117705427,0.197485253,0.407593399,0.497320414,0.431884378,0.497962654,0.514730036,0.484657794,0.431352198,0.438854575,0.463251561,0.489929736,0.585498154,0.597521007,0.579278827,0.584258199
GIN,-1.101043224,-1.263446808,-1.195398688,-1.270173192,-1.172004819,-1.227811456,-1.368683815,-1.426303506,-1.302841544,-0.917965651,-0.887738705,-1.013888717,-1.022311449,-0.858070731,-0.857465446,-0.759274721,-0.737803936,-0.752925038,-0.748537481
GMB,-1.064674616,-0.670977175,-0.489668667,-0.674434602,-1.015846133,-0.89695102,-0.891591012,-0.865504742,-1.01221168,-1.075465202,-1.215479136,-1.287478089,-1.257354021,-1.267748713,-1.460066438,-1.262812734,-0.622149765,-0.197968349,-0.216231689
GNB,-0.638303697,-0.658738375,-1.065574169,-0.842662632,-0.484425128,-0.628867745,-0.712383509,-0.715373099,-0.759197712,-0.822992742,-0.85343945,-1.325705886,-1.343436956,-0.850447953,-0.749621511,-0.733113468,-0.796739578,-0.666714966,-0.458707333
GNQ,-1.599229217,-1.623729467,-1.663450122,-1.638940096,-1.683500171,-1.826265454,-1.887979507,-1.894067049,-1.806870341,-1.860195398,-1.899613738,-1.905040979,-1.969891191,-1.976544499,-2.000245571,-1.949171662,-1.971097827,-1.863238096,-1.863563299
GRC,1.013062,1.04801929,1.156673908,1.191414952,1.097569346,0.965482771,0.983873904,0.92821151,0.891443729,0.897718072,0.820455015,0.700790524,0.687237501,0.618757248,0.651543617,0.668555319,0.708667696,0.857460141,0.935726702
GRD,0.715227902,0.785680056,0.764794171,0.569066882,0.525194049,0.720976889,0.794786453,0.820473313,0.823061168,0.791172504,0.785192192,0.747502923,0.770249128,0.906140924,0.806058407,0.817096651,0.743472099,0.522405326,0.707514048
GRL,NA,NA,NA,NA,NA,NA,NA,NA,1.245291352,1.282472491,1.276298761,1.290535688,1.278615117,1.276822448,1.273941755,1.279367566,1.294320345,1.306016803,1.294188738
GTM,-0.285944521,-0.358615816,-0.483628333,-0.324404269,-0.359379411,-0.168789566,-0.171275631,-0.201825619,-0.250002801,-0.303307742,-0.311964631,-0.356138647,-0.366542697,-0.337599128,-0.34640348,-0.290342689,-0.279726028,-0.33956942,-0.313454151
GUF,0.504824638,0.453831792,0.489111543,0.503726006,0.404883742,0.314057976,0.28989318,0.30412963,1.074114203,1.116193891,1.089094281,1.124147177,1.146864057,1.276822448,1.273941755,1.279367566,1.294320345,1.306016803,1.294188738
GUM,NA,NA,NA,0.597243965,0.654332519,0.548463166,0.972128868,0.967198193,0.963812232,0.767428935,0.784417808,0.800454021,0.783445895,NA,NA,NA,NA,NA,NA
GUY,0.464220554,0.542352378,0.428198814,0.066932872,-0.228859812,0.091823734,0.100955956,0.112154983,0.092697904,0.066198118,0.029474288,-0.002288181,0.021231109,0.156029701,0.184077933,0.253596902,0.277288526,0.242786571,0.280045688
HKG,-0.011973736,0.190888628,0.449889958,0.562140465,0.620391667,0.508110166,0.476365209,0.44778803,0.479499847,0.514842212,0.57496798,0.639709473,0.725162983,0.535698533,0.514809549,0.377267778,0.427645862,0.468744189,0.209380567
HND,-0.098604575,-0.162654772,-0.177857652,-0.340818167,-0.345806867,-0.139432818,-0.192796737,-0.294657081,-0.532957733,-0.503610969,-0.468656331,-0.469777703,-0.474935949,-0.409190774,-0.421752602,-0.438170433,-0.4401851,-0.508883953,-0.551860332
HRV,0.510653853,0.556711018,0.623684108,0.658320665,0.452612311,0.481493741,0.517976046,0.467806906,0.486277878,0.47642827,0.521082401,0.540830553,0.513741314,0.514940262,0.555507064,0.525369883,0.512352526,0.503126502,0.534780741
HTI,-0.733862698,-1.180776,-1.200582743,-1.335517883,-1.231598139,-0.712554455,-0.612985611,-0.587012768,-0.657142878,-0.711512923,-0.749023736,-0.762743711,-0.7494452,-0.791107893,-0.798699439,-0.759395123,-0.736805022,-0.73710686,-0.726322412
HUN,1.135266662,1.15602231,1.167382121,1.149414063,1.175189376,1.015040755,1.041055679,0.965708435,0.909684956,0.894202769,0.836973131,0.749367654,0.737192869,0.553266287,0.559974194,0.402037293,0.36682868,0.319586903,0.220063537
IDN,-0.270175904,-0.271903306,-0.299386054,-0.255447388,-0.12192551,-0.084252529,-0.019804804,-0.011261522,-0.001040607,-0.037774231,-0.008531014,0.067612648,0.036121309,0.1539049,0.184857965,0.16794686,0.131193966,0.181046575,0.156394184
IND,0.352063388,0.426245898,0.454564899,0.399967372,0.413685679,0.437193722,0.453963935,0.462193102,0.460684627,0.443272382,0.435818583,0.399454206,0.432780147,0.413294047,0.427870184,0.440983623,0.386462271,0.380042106,0.293989241
IRL,1.408248782,1.270815134,1.276466012,1.477552295,1.623854518,1.39654088,1.397141814,1.422590494,1.353574395,1.324431896,1.305360556,1.322521329,1.311735153,1.317501187,1.334673524,1.291038752,1.293335557,1.318841219,1.335064888
IRN,-0.932390332,-1.075241089,-1.253180027,-1.233033299,-1.282150984,-1.500558734,-1.554468393,-1.569738984,-1.581752419,-1.606162906,-1.583116174,-1.600212693,-1.608371854,-1.58074379,-1.51359272,-1.343025923,-1.299298167,-1.317653537,-1.370054364
IRQ,-2.012988806,-2.050343513,-1.501180291,-1.643005252,-1.300999403,-1.282197595,-1.126172066,-1.104686856,-1.02347219,-0.991854608,-1.069501519,-1.076180577,-1.057192326,-1.144258142,-1.127941728,-1.015598536,-1.046867132,-0.985460103,-0.945479393
ISL,1.492715597,1.472992182,1.555669427,1.628327966,1.568608046,1.445336819,1.431000233,1.425650001,1.415215015,1.44575274,1.410729647,1.442950368,1.439568877,1.357325196,1.376501918,1.356115341,1.377900004,1.412766457,1.333944082
ISR,0.694345474,0.589134455,0.644292593,0.66225034,0.646124363,0.774156392,0.740543842,0.723265231,0.570473433,0.583845377,0.653309524,0.644344866,0.649406195,0.727578998,0.744920313,0.78666383,0.696421325,0.651328683,0.686986387
ITA,1.040719151,1.038653016,0.985716999,1.177167773,1.057029247,1.064523578,1.111907482,1.032023787,1.034180284,0.962797403,0.911823928,0.916809261,0.954217374,0.999262631,1.034772038,1.034976244,1.054606795,1.046784282,0.972270131
JAM,0.677775979,0.597427487,0.519186258,0.3969042,0.418052912,0.620725513,0.637015939,0.579975128,0.577552021,0.462827593,0.479151219,0.486024708,0.543406129,0.562572896,0.60877049,0.681321144,0.690352261,0.614005506,0.640913367
JOR,-0.284868985,-0.796563566,-0.634042144,-0.549854517,-0.514288366,-0.717004716,-0.67678076,-0.737368822,-0.784595072,-0.799326241,-0.796205163,-0.734492719,-0.806754529,-0.753645599,-0.76938498,-0.711113453,-0.721101701,-0.700138271,-0.665045142
JPN,0.958087981,1.014470935,1.082603693,1.043494582,1.006276965,0.954123318,0.969946265,0.948859215,1.021046162,1.040693045,1.071133375,1.101295233,1.109647036,1.036089063,0.988054872,0.983627379,1.002675653,1.016916037,0.959504366
KAZ,-0.965679228,-1.072603464,-1.09170568,-1.128525496,-1.031668067,-1.189626336,-1.163579345,-1.092260361,-1.075511217,-1.132222414,-1.121369481,-1.176720738,-1.242598891,-1.183920979,-1.163788199,-1.205579162,-1.225549459,-1.170189977,-1.212825179
KEN,-0.81064713,-0.679399788,-0.257107317,-0.211594954,-0.244841993,-0.130346507,-0.249015316,-0.282543808,-0.33191362,-0.218955293,-0.269520193,-0.28780365,-0.212256938,-0.145232216,-0.146000206,-0.113023192,-0.197917283,-0.357418567,-0.290520668
KGZ,-1.094259858,-1.015423298,-1.027841806,-1.016143322,-0.887550652,-0.759082139,-0.962735653,-1.091764927,-1.019886851,-0.934334874,-0.682987273,-0.611097157,-0.538261116,-0.462497383,-0.404160976,-0.418676496,-0.43676886,-0.372668624,-0.45736587
KHM,-0.780782759,-0.740299761,-0.899962723,-0.870825171,-1.017338395,-0.931646049,-0.92798692,-0.971139133,-0.913447618,-0.927255273,-0.914128304,-0.961479783,-0.980927289,-1.107750893,-1.12261498,-1.105391979,-1.154221177,-1.219560981,-1.202571392
KIR,1.142294526,1.090094328,0.973531663,0.411308944,0.024949199,0.701956987,0.642090917,0.748063684,0.63489157,0.635396719,0.837064266,0.774608672,0.805797935,0.939704716,0.978927851,1.004907727,1.046707869,1.146119118,1.122498512
KNA,1.039500237,1.015181184,0.890418649,0.404390901,1.191075444,1.161857247,1.156144023,1.076478362,1.10033834,1.16569829,1.124403238,1.124435902,1.124345303,1.121913314,0.847452879,1.006596804,0.994635582,0.885097861,0.844554722
KOR,0.637169182,0.745628059,0.723233759,0.728531182,0.745595634,0.690555096,0.699741125,0.657143593,0.707668364,0.74108696,0.726919293,0.725595772,0.705827594,0.680225968,0.631014287,0.641586125,0.740770102,0.797181964,0.7721228
KWT,-0.297324896,-0.361814767,-0.396658093,-0.303084433,-0.483525157,-0.581767321,-0.545192778,-0.543381393,-0.484645516,-0.52443558,-0.558573604,-0.642977953,-0.657606125,-0.657459795,-0.663663924,-0.628910422,-0.606944025,-0.58896029,-0.634789467
LAO,-1.341205955,-1.738892794,-1.775456309,-1.551036358,-1.655455112,-1.732779741,-1.71849823,-1.709537506,-1.699371099,-1.676841259,-1.678506017,-1.643571138,-1.649452329,-1.733219862,-1.753514886,-1.759197116,-1.7505548,-1.739128351,-1.801699519
LBN,-0.314059347,-0.662610292,-0.491062015,-0.413962543,-0.281063855,-0.387200743,-0.46736902,-0.422118217,-0.355251491,-0.331298321,-0.390134037,-0.385833383,-0.404981285,-0.420307428,-0.462549537,-0.519698501,-0.576064885,-0.497705609,-0.494331688
LBR,-1.031444669,-1.269858479,-1.445946336,-1.291519523,-0.417990476,-0.167643145,-0.142709941,-0.184938207,-0.163397804,-0.211389557,-0.256350547,-0.306616247,-0.387322694,-0.275833428,-0.229758173,-0.104402907,-0.019825663,-0.043176852,-0.028342932
LBY,-1.688662767,-1.824064732,-1.756654501,-1.79518795,-1.858394384,-1.98288238,-1.951152205,-1.941491127,-1.910279155,-1.940415621,-1.594412327,-0.900741994,-0.971600056,-1.113725781,-1.341629386,-1.430080891,-1.442635179,-1.522492409,-1.458334684
LCA,1.080076933,1.101619482,1.094490886,0.612667918,1.202947378,1.191003084,1.179257989,1.222064257,1.213140965,1.202203512,1.160672188,1.111395359,1.111953974,1.127577901,1.022666693,1.012718558,0.984695375,0.872621357,0.928154707
LIE,1.535655499,1.345596433,1.397978663,1.452215672,1.532292128,1.244855285,1.297655821,1.317130685,1.545567155,1.586911798,1.563959241,1.506029725,1.486973763,1.395747304,1.387669921,1.250353932,1.277917266,1.320058465,1.259364009
LKA,-0.190723956,-0.088549092,-0.092452683,-0.164139315,-0.206795961,-0.310158849,-0.435254902,-0.464874446,-0.480336696,-0.505229056,-0.545052946,-0.575279295,-0.594175637,-0.667200983,-0.296140879,-0.081078224,-0.062176812,0.010055528,-0.042583749
LSO,-0.370127261,0.038615584,-0.000992402,-0.152925462,-0.2097698,0.181888372,0.013480448,-0.066223256,-0.083432585,-0.10152968,-0.089245625,0.072332896,0.120267116,0.161970541,0.114694834,-0.01243498,-0.008887516,0.027004704,0.02966108
LTU,0.855439901,0.904892266,0.920530558,0.882494092,0.902132928,0.861287594,0.886551917,0.849656224,0.90215981,0.915634632,0.860525906,0.92950964,0.940019667,0.961591065,0.973910034,1.000031829,0.985503197,0.923478544,1.024853468
LUX,1.510186672,1.408296943,1.533095598,1.668277264,1.581917882,1.547201157,1.537699461,1.545579076,1.555081606,1.574836135,1.604539394,1.649900675,1.631096363,1.554682136,1.546810031,1.500275373,1.520501375,1.566979647,1.524442077
LVA,0.742288053,0.837780058,0.767004192,0.700535595,0.781813085,0.846699059,0.828915298,0.780786335,0.849937856,0.794243932,0.736775279,0.775515556,0.770423412,0.849434912,0.846534371,0.842550933,0.796570003,0.813451231,0.884951472
MAC,0.28754887,0.453831792,0.726204634,0.129654557,0.404883742,0.314057976,0.06248131,0.083106764,0.592065454,0.628308296,0.606116414,-0.243221357,-0.267653346,-0.330553174,-0.067360483,-0.06134608,-0.05483944,-0.050474066,-0.302843601
MAR,-0.449143887,-0.465828568,-0.752867103,-0.508274615,-0.687104881,-0.712467074,-0.707481861,-0.758324027,-0.745735705,-0.698589623,-0.709956825,-0.605667233,-0.698580146,-0.686271131,-0.628306866,-0.62047714,-0.66762346,-0.659232259,-0.626805365
MCO,1.117948532,1.092975616,0.952753425,0.928724051,0.924126983,0.929085612,0.934261024,0.971235871,0.954713106,1.024482489,0.802048743,0.796869934,0.819821715,0.993912756,1.017157674,0.836890697,0.835529268,0.66109556,0.684872329
MDA,-0.143778041,-0.532346904,-0.491123945,-0.585409641,-0.547894061,-0.267036706,-0.292217821,-0.307182461,-0.296511173,-0.055239335,0.049504507,-0.034426078,-0.071324833,0.011545338,0.028592959,-0.009099581,-0.017005756,-0.091886446,-0.089936249
MDG,0.110470921,-0.153443366,0.044549532,0.005362698,-0.123797461,-0.110259488,-0.139065206,-0.326152921,-0.831529379,-0.845434904,-0.879346013,-0.883270681,-0.763357162,-0.500305891,-0.380608559,-0.315409541,-0.344327658,-0.304512709,-0.220598102
MDV,-0.758386791,-0.839590251,-0.999485612,-1.19482708,-0.979869902,-1.005972147,-0.927418411,-0.301234484,-0.048458237,-0.062693708,-0.156640366,-0.468655318,-0.459633708,-0.372216314,-0.517912686,-0.733020127,-0.740988255,-0.660221696,-0.441944718
MEX,0.258450001,0.346043468,0.34693712,0.319827616,0.198065534,0.150474414,0.121899016,0.134927571,0.200044572,0.178506866,0.121691875,0.112745345,0.108392306,0.000316119,-0.075359024,-0.067528807,-0.076449305,0.006965749,0.018328277
MHL,1.255909681,1.228395581,1.216563106,1.195130348,1.186263919,1.164476037,1.158912063,1.188147068,1.132051229,1.11228776,1.129664183,1.103285909,1.186988592,1.154827714,1.178826332,1.191461444,1.188707232,1.146119118,1.136615634
MKD,-0.343047321,-0.165570736,-0.02186485,-0.161177367,-0.1014686,0.173717871,0.276678562,0.19573997,0.168138519,0.114985645,-0.039491851,-0.028496105,-0.057545625,-0.14148204,-0.18190144,-0.234983385,-0.139178678,-0.007929846,-0.001560196
MLI,-0.04573743,0.280810177,0.33616522,0.248863742,0.247933805,0.297409028,0.225390598,0.202510953,0.069614626,0.15810734,0.167899787,-0.495530128,-0.28450796,-0.161402777,-0.197933286,-0.231505036,-0.251336128,-0.310062349,-0.414099485
MLT,1.191570759,1.167907596,1.34463799,1.372729182,1.233854294,1.203782439,1.242634654,1.249736071,1.152721882,1.167212725,1.143347025,1.165387988,1.156572461,1.18426621,1.202808499,1.196371555,1.169993281,1.123421311,1.110596776
MMR,-2.039811373,-2.012826204,-2.081955194,-2.122652292,-2.166204929,-2.233270645,-2.21349144,-2.207979202,-2.172563791,-2.067405224,-1.849633694,-1.620119333,-1.46162653,-1.343992472,-1.21898222,-0.796773314,-0.864381731,-0.885787904,-0.837773204
MNG,0.383202732,0.378301382,0.325539052,0.272552013,0.069540665,0.253958493,0.314249188,0.26869759,0.125568166,0.088456556,0.052060228,0.065474994,0.108955525,0.241444647,0.270258039,0.332766354,0.292778939,0.263789088,0.348968863
MNE,-0.501997948,0.012423349,0.085785493,0.113930926,0.134036958,0.262788713,0.258968711,0.235908493,0.24179399,0.189758241,0.20789057,0.217905939,0.178289801,0.160300255,0.14402464,0.07604751,0.123793103,0.080312692,0.026663328
MOZ,-0.218968794,-0.218986437,-0.031171661,-0.033941474,0.008335317,-0.086383134,-0.081787378,-0.07274244,-0.114255242,-0.120654978,-0.199520633,-0.197661296,-0.256315321,-0.24599041,-0.27003631,-0.415309966,-0.418853968,-0.466010869,-0.50823468
MRT,-0.789923966,-0.793843567,-0.76457721,-1.131420732,-0.912761688,-0.851902544,-0.666273534,-0.942664027,-0.924539506,-0.909265876,-0.927596331,-0.910916328,-0.959419847,-0.895422757,-0.88788718,-0.772698641,-0.799727917,-0.853396356,-0.780213714
MTQ,0.722100437,0.67772913,0.726204634,0.784279644,0.654332519,0.548463166,0.517305076,0.525152504,0.523868501,0.5465734,0.559783816,0.57523632,0.562124491,NA,NA,NA,NA,NA,NA
MUS,0.9825176,0.788582921,0.85199517,0.840148866,0.83283937,0.909173727,0.886209965,0.863871872,0.8228935,0.789677322,0.795731783,0.880852997,0.928681612,0.940896153,0.827107072,0.820055544,0.789289057,0.759618163,0.808141053
MWI,-0.133616418,-0.583100677,-0.428266704,-0.542294264,-0.528102636,-0.252313852,-0.261939257,-0.246654779,-0.148801818,-0.190986261,-0.245419502,-0.206084371,-0.178754002,-0.064298145,-0.004027479,-0.029256565,-0.030333636,-0.057725288,-0.09486647
MYS,-0.421082169,-0.492929816,-0.457673877,-0.235716462,-0.146773517,-0.543147862,-0.523537278,-0.563192904,-0.503895342,-0.499978125,-0.474874914,-0.346539199,-0.339679241,-0.360303104,-0.39147681,-0.416986406,-0.398934662,-0.082308248,-0.04342946
NAM,0.333465695,0.251939505,0.186523661,0.27459532,0.331786513,0.481321037,0.449754745,0.450895995,0.375795096,0.349807173,0.340737253,0.378439128,0.400293231,0.55330056,0.579369128,0.584241629,0.5511567,0.486819148,0.542189777
NER,-0.11989437,-0.204168305,-0.156030595,-0.190244764,-0.283560395,-0.324552685,-0.368081421,-0.441894054,-0.737894952,-0.666964769,-0.246729359,-0.284627557,-0.306289643,-0.195137009,-0.20460321,-0.419200152,-0.428057313,-0.582216024,-0.565368891
NGA,-0.481231272,-0.634268761,-0.662227452,-0.796761572,-0.868943393,-0.623297811,-0.760439992,-0.735603809,-0.848872244,-0.777086914,-0.713411033,-0.70021987,-0.693028212,-0.586755931,-0.373224616,-0.319408983,-0.340079695,-0.408098489,-0.412996024
NIC,-0.125508606,-0.054776959,0.158112004,-0.015315128,-0.24899523,-0.194359139,-0.217171922,-0.367741048,-0.439308286,-0.477635562,-0.576730072,-0.536340475,-0.457648277,-0.395727456,-0.414755285,-0.680073023,-0.717579901,-1.082793593,-1.077089667
NIU,NA,NA,NA,NA,NA,NA,NA,NA,-0.386081517,-0.35733369,-0.407198876,-0.4767389,-0.464022815,NA,NA,NA,NA,NA,NA
NLD,1.543961287,1.469413996,1.52679491,1.696608305,1.666020036,1.539821029,1.523433328,1.483085513,1.464388728,1.450569272,1.537047744,1.605585456,1.566972613,1.547281384,1.561142683,1.540341258,1.56937027,1.596515059,1.564838171
NOR,1.526009202,1.487174869,1.529246092,1.70420897,1.640593052,1.542179823,1.549854994,1.548039079,1.548880458,1.595088124,1.626358032,1.728163242,1.737975121,1.684087038,1.687912822,1.664908171,1.692911625,1.733583927,1.686954975
NPL,-0.280598551,-0.79815954,-0.920003414,-1.134827137,-1.146815538,-0.908803582,-0.585561931,-0.496126413,-0.441041797,-0.447492629,-0.445125788,-0.642363489,-0.528574765,-0.430457085,-0.415440917,-0.251414269,-0.232501626,-0.130483419,-0.130642936
NRU,0.94482106,0.946030617,1.115269303,1.072399616,1.065369248,1.065395236,1.056956887,1.082353234,1.087100387,1.066604733,1.09516871,1.09553349,1.055323839,0.807397604,0.546848834,0.507907569,0.507838309,0.66109556,0.628404498
NZL,1.678681374,1.501043439,1.610115528,1.653177857,1.628601551,1.499365449,1.477947354,1.478388548,1.4784832,1.507505894,1.579075933,1.617722034,1.606077671,1.524383783,1.554844856,1.533282876,1.557572722,1.624592185,1.569034576
OMN,-0.755833328,-0.787837088,-0.822545171,-0.656644702,-0.919637918,-1.159486771,-1.062660575,-1.070742846,-1.07403779,-1.044802904,-1.060490608,-1.021669745,-1.03864193,-1.090710998,-1.061453104,-1.054356694,-1.061237454,-1.025849223,-1.136281371
PAK,-1.220253587,-1.109006166,-1.170764208,-1.142131209,-0.976286173,-0.886475384,-0.949874163,-0.838403463,-0.855752885,-0.79866308,-0.829199433,-0.843582153,-0.799480557,-0.716023862,-0.722066402,-0.699441016,-0.693265259,-0.79911083,-0.843350768
PAN,0.631228447,0.619423807,0.484826952,0.516072214,0.443538368,0.601521611,0.621265113,0.600690961,0.591263115,0.537198544,0.534638524,0.469416946,0.424271792,0.505627871,0.55851078,0.52399838,0.518802166,0.572809875,0.621713281
PLW,1.117948532,1.092975616,1.224354982,1.195130348,1.19432354,1.191498041,1.186718225,1.217000008,1.208629131,1.192970991,1.206217885,1.205604196,1.20579803,1.176770806,1.200872064,1.213393688,1.210553288,1.146119118,1.094264627
PER,-0.370226055,0.222937241,0.078648843,-0.134529516,-0.013819257,0.091934875,0.10835699,0.152134761,0.083485998,0.111137487,0.131239608,0.114262931,0.084785022,0.192517072,0.227367803,0.268972903,0.27392301,0.22926411,0.286283851
PHL,0.232365355,0.164603293,0.153800815,0.02555364,-0.007255056,-0.091142498,-0.1105415,-0.138752624,-0.027797226,-0.039102528,-0.019902656,-0.02968674,0.006347137,0.15926604,0.147069335,0.163422063,0.083775707,0.039348714,0.030184245
PNG,-0.063969463,-0.160774842,-0.207606077,-0.423719347,-0.306904912,0.012254033,0.066168189,0.010301263,-0.010511125,-0.030531555,-0.038828041,-0.059104972,-0.004463061,0.012504078,0.044743713,0.1584232,0.132463858,0.04474736,0.074042112
POL,1.075671673,1.087819576,1.012596726,1.016627669,0.944372296,0.803532481,0.879502356,0.953482151,1.026880741,1.03760159,1.027627707,1.064275742,0.998138905,1.105112672,1.039736032,0.844184577,0.782042921,0.724980295,0.698261857
PRI,1.112326622,1.01157546,0.963035405,0.871200383,0.976367772,1.140376568,1.122001171,1.150025129,0.857002437,0.838140845,0.719682574,0.685145795,0.680240393,0.776707172,0.403720766,0.410297185,0.491558999,0.492122293,0.495672584
PRK,-2.116823196,-2.135807991,-2.189693451,-2.06829834,-2.163150072,-2.313395023,-2.237637281,-2.22634244,-2.270495653,-2.227478981,-2.241722345,-2.240076303,-2.251712799,-2.193335295,-2.201960087,-2.180351973,-2.202018023,-2.201704264,-2.19468832
PRT,1.357868314,1.304545403,1.409579992,1.464911222,1.430305123,1.232661724,1.231420636,1.201863885,1.128243089,1.107203126,1.107910514,1.028528333,1.066934705,1.107445598,1.128677726,1.15766871,1.208406806,1.205791712,1.238782763
PRY,-0.506525874,-0.456348479,-0.400354236,-0.47459361,-0.395821035,-0.25690937,-0.164958507,-0.115736693,-0.134577975,-0.078933053,-0.083290026,-0.113736898,-0.104938991,-0.102842316,-0.069935896,-0.063144259,-0.044011537,0.055406447,0.08214248
QAT,-0.651787341,-0.695015848,-0.687298834,-0.429903537,-0.513849497,-0.865734756,-1.040322661,-1.020598412,-1.003544807,-1.012165904,-1.084917188,-0.921773374,-0.978366435,-1.133435845,-1.144770026,-1.151067257,-1.17596972,-1.193306923,-1.2906183
REU,NA,NA,NA,1.205110073,1.402678609,1.251678705,1.199540734,1.188221097,1.183784127,1.209140062,1.233685613,1.25088954,1.226088643,NA,NA,NA,NA,NA,NA
ROU,0.469307065,0.386146128,0.299218893,0.367766201,0.408908844,0.517973423,0.498997658,0.514151156,0.464287341,0.432123989,0.376137167,0.318529606,0.311523467,0.428126812,0.486136079,0.54090482,0.518710554,0.458995432,0.485139728
RUS,-0.346270412,-0.444490135,-0.535602927,-0.571611404,-0.651503563,-0.920553744,-0.916404068,-0.870993555,-0.899885774,-0.888972819,-0.883593857,-0.978818178,-1.022177219,-1.044410229,-1.087747335,-1.13171196,-1.089425325,-1.05632019,-1.10008204
RWA,-1.566323996,-1.508477807,-1.306903243,-1.349340796,-1.194444418,-1.222134471,-1.246035695,-1.311892033,-1.291988492,-1.32714808,-1.328789234,-1.277656555,-1.211103439,-1.111962318,-1.13520813,-1.152951717,-1.119492531,-1.127887011,-1.079367995
WSM,0.796699822,0.758520305,0.753192306,0.683035672,0.637201309,0.637410522,0.608309805,0.575985312,0.539696455,0.434222847,0.402175754,0.349973142,0.40244171,0.665029645,0.735832751,0.774359524,0.775647044,0.764044881,0.74770087
SAU,-1.602675796,-1.702851176,-1.644270658,-1.323740363,-1.536319256,-1.781469107,-1.705146909,-1.729973555,-1.822264433,-1.788063765,-1.907197475,-1.865640283,-1.876408696,-1.882013559,-1.842696309,-1.727506399,-1.673982382,-1.642281771,-1.616917133
SDN,-1.752221942,-1.543473721,-1.657191873,-1.666589975,-1.71884191,-1.739339948,-1.649223804,-1.641588092,-1.68687427,-1.72559011,-1.771315098,-1.774340391,-1.775898814,-1.736627936,-1.782845497,-1.83289206,-1.83693254,-1.837869763,-1.635967851
SEN,0.199801683,0.380685329,0.266685933,0.172796905,0.056197818,0.061726801,-0.181714088,-0.213503525,-0.269090861,-0.267737836,-0.220193043,-0.004189134,0.060057402,0.29227981,0.283630818,0.37131089,0.317838967,0.240308419,0.260385394
SGP,0.130497083,0.058619268,-0.021019517,0.077511214,0.132438689,-0.387192518,-0.363209665,-0.3348355,-0.234220803,-0.208966196,-0.102027185,0.05309137,0.036768436,-0.098659426,-0.161821723,-0.150398105,-0.16925925,-0.05892019,-0.183365434
SLB,0.221702695,0.386133492,0.322486877,-0.354120702,-0.098199673,0.045103252,0.063472606,0.020427996,0.137840047,0.06589397,-0.004266611,-0.028549533,0.001520949,0.226569712,0.2845245,0.467450321,0.489322275,0.534489214,0.598053277
SLE,-1.3351897,-0.554964662,-0.346790105,-0.311112106,-0.530995667,-0.326508969,-0.218499288,-0.141638219,-0.241322547,-0.157849088,-0.203812584,-0.320652544,-0.342591584,-0.286693156,-0.270439655,-0.196512505,-0.193010703,-0.164608568,-0.096366957
SLV,-0.043113958,0.122130692,0.107482299,0.024640525,-0.075012766,0.096629858,0.094508946,0.112083882,0.057646532,0.071544304,0.043949775,-0.040193722,-0.013092072,0.152603105,0.152389705,0.188949987,0.154010683,0.042842571,0.138373628
SMR,1.320832491,1.237039447,1.200979352,1.172118306,1.170144558,1.164476037,1.158912063,1.188147068,1.182587266,1.165892482,1.196963787,1.205604196,1.19639349,1.16579926,1.189849138,1.191461444,1.188707232,1.146119118,1.193083405
SOM,-1.713139653,-1.507476091,-1.751014113,-1.811015725,-1.759174347,-1.762414694,-1.848486543,-1.893330455,-2.039461374,-2.010569096,-2.015529394,-2.196763515,-2.174769878,-2.114792585,-2.001478195,-1.908592463,-1.779533863,-1.836656213,-1.835273623
STP,0.477989197,0.555894732,0.244709224,0.10961426,0.061734982,0.272127628,0.1911356,0.184755787,0.156031355,0.123737358,0.248113558,0.180133849,0.135057107,0.321446329,0.28006193,0.364222437,0.299857169,0.159070075,0.372766882
SUR,0.442086488,0.494850069,0.326033354,0.114305288,0.129616141,0.511488795,0.556039929,0.60561341,0.444832236,0.383502573,0.380300343,0.340863466,0.357050985,0.516894996,0.411395162,0.415298462,0.429908007,0.31601277,0.389782548
SVK,0.848681509,0.976482391,0.931504726,0.947524965,0.899956763,0.931123257,0.947436213,0.935453057,0.876250327,0.910906971,0.96597904,0.973016918,0.959550261,0.959586143,0.965434074,0.961429417,0.936708629,0.879438519,0.910998702
SVN,1.107541919,1.130460024,1.124961376,1.112388611,1.092290401,1.06961453,1.062970877,1.01736474,1.055124044,1.048638225,1.056918144,0.999778092,1.00189662,0.956106901,0.986826181,1.010921478,1.005693913,0.992139876,1.007424474
SWE,1.57328856,1.50778389,1.548605323,1.739247203,1.584472775,1.48571825,1.510136127,1.520166636,1.546039462,1.542726278,1.612955451,1.690358043,1.658110142,1.61108911,1.565309763,1.564695716,1.577790976,1.612143636,1.592260122
SWZ,-1.462375522,-1.402146339,-1.530229688,-1.46496892,-1.494866014,-1.251292229,-1.351682901,-1.319656968,-1.27179265,-1.325328112,-1.315425396,-1.281684399,-1.261993408,-1.333801031,-1.391943336,-1.429628491,-1.448135018,-1.35592854,-1.321230292
SYC,0.044132926,0.113340296,0.075662278,0.323293954,0.174468666,0.087051935,0.064095937,-0.005131568,0.039896928,0.101656489,0.017898088,0.050829604,0.020099299,-0.047514915,0.080111288,0.161519185,0.190320775,0.212402448,0.335669965
SYR,-1.625865698,-1.623203754,-1.621074677,-1.505781054,-1.508198977,-1.757812738,-1.781911016,-1.72432065,-1.692829728,-1.69667232,-1.806280851,-1.844221115,-1.834907055,-1.878197074,-1.922481179,-1.986765862,-1.968466163,-1.958125591,-1.979875207
TCD,-0.978057504,-0.940512538,-1.103416204,-1.230528593,-1.307716489,-1.418420553,-1.451322198,-1.445906639,-1.398563266,-1.360328674,-1.350031614,-1.342747569,-1.374709487,-1.331053138,-1.335179687,-1.362296581,-1.370252013,-1.452715993,-1.417729735
TGO,-1.125960112,-1.383552551,-1.180868506,-1.231241107,-1.221733451,-1.19514668,-1.067694306,-0.988219619,-0.978558838,-0.952039719,-0.903721452,-0.995809436,-0.904471815,-0.766488612,-0.700784326,-0.544174016,-0.623650193,-0.743248045,-0.720927715
THA,0.467802942,0.321516633,0.218241096,0.126583293,-0.098295785,-0.739193976,-0.562502325,-0.529666901,-0.455883652,-0.495821983,-0.405181706,-0.321141154,-0.42992577,-0.874782622,-0.969105124,-1.023131728,-1.045117736,-1.003880739,-0.827271283
TJK,-1.382805347,-1.111795902,-1.1499089,-1.222273111,-1.266097903,-1.351941347,-1.292120814,-1.355681419,-1.332100153,-1.431078672,-1.38084805,-1.422403574,-1.504126787,-1.495485544,-1.569085717,-1.689522862,-1.720449686,-1.687345982,-1.82959342
TKM,-1.692534447,-1.932025552,-1.957250237,-1.98201263,-2.001130581,-2.088715553,-2.156128407,-2.109706879,-2.082513094,-2.040294886,-2.16572094,-2.250428438,-2.216408491,-2.259158611,-2.237535,-2.170843124,-2.158753157,-2.143379688,-2.131469011
TLS,-0.130789056,0.267976731,0.165442884,-0.093514897,-0.210176095,0.057441618,0.148541182,0.217161998,0.097795025,0.061659403,0.132830247,0.096344516,0.091121644,0.148780629,0.186151475,0.220816761,0.342670858,0.341300189,0.382766396
TON,0.217144221,-0.02441217,0.061886646,-0.189794227,-0.054514434,-0.025430443,-0.171447739,-0.030295873,-0.046902046,0.29281339,0.321024299,0.336211622,0.458545208,0.663713038,0.661657274,0.64275378,0.602310121,0.562992394,0.555959463
TTO,0.566399753,0.566648781,0.613744557,0.574701726,0.613131702,0.608323753,0.54562223,0.533641875,0.554204643,0.523346186,0.520742893,0.501116395,0.482290119,0.473085731,0.480533659,0.558546603,0.554183304,0.5668028,0.624919057
TUN,-0.81373626,-0.959111214,-0.920870602,-0.866649389,-0.950093031,-1.297919273,-1.378913879,-1.35054493,-1.358339071,-1.416165471,-0.37050426,-0.171652213,-0.084427364,0.192784011,0.241413206,0.304583788,0.162090451,0.210775524,0.281405658
TUR,-0.289199769,-0.219570532,-0.033270795,0.013201932,0.000233759,-0.064095311,-0.053324576,-0.041286401,-0.055522546,-0.084820725,-0.1368507,-0.206933513,-0.251326382,-0.338419706,-0.367720127,-0.607184649,-0.705681264,-0.831311345,-0.814702988
TUV,1.320832491,1.176532745,1.035866261,0.460603118,0.587014854,0.783710897,0.74657464,0.801951885,0.74199599,0.721381724,0.715651512,0.661697507,0.71204257,1.045113087,1.068597555,1.081800461,1.079476833,1.146119118,1.122498512
TZA,-0.47222051,-0.39925918,-0.427327722,-0.53358233,-0.363443315,-0.200293675,-0.142469853,-0.166212574,-0.160308748,-0.130891219,-0.141483948,-0.176013693,-0.203786597,-0.192261621,-0.221776411,-0.221992403,-0.277508467,-0.363755852,-0.503790975
UGA,-0.993294954,-0.930503964,-0.702457309,-0.724424124,-0.597283959,-0.44538334,-0.486063898,-0.509934664,-0.509161592,-0.518392324,-0.525404513,-0.493546128,-0.551976681,-0.584996819,-0.567001939,-0.646627665,-0.587138414,-0.665082753,-0.623839617
UKR,-0.610850513,-0.519448936,-0.589256763,-0.671051443,-0.285324842,0.049641289,0.064118445,0.0906661,0.059044831,-0.084004156,-0.132440642,-0.279543012,-0.315396577,-0.142231718,-0.086799234,0.001764805,0.014545896,-0.01241077,0.055237796
URY,0.989812434,1.054346561,0.992518246,0.842710495,0.885737658,1.030710816,1.04552269,1.062144518,1.105794668,1.14654541,1.12143147,1.06096673,1.085263252,1.107863307,1.14340353,1.163035035,1.166267395,1.214225054,1.256940126
USA,1.310166717,1.344568133,1.33822763,1.327751994,1.294523597,1.101621866,1.109810352,1.144266844,1.097206473,1.133605719,1.126965761,1.161587,1.103018641,1.07122314,1.109821081,1.110259414,1.05072391,1.045039773,0.965248048
UZB,-1.833386898,-1.809311628,-1.7646029,-1.78085947,-1.930238962,-2.071797371,-2.117637634,-2.100142717,-2.102612495,-2.085673094,-2.124430656,-2.033548832,-1.966497064,-1.913251996,-1.956139565,-1.886857986,-1.79641819,-1.615689278,-1.605510831
VCT,1.055730939,1.023825049,1.071115375,0.679108441,1.086107612,1.06227541,1.043143034,1.069163799,1.030366659,1.133849859,1.02087605,1.015530825,1.026437998,1.154827714,0.968771935,0.955366135,0.943357408,0.876621187,0.927590549
VEN,-0.068792894,-0.462428361,-0.439825684,-0.598475635,-0.637349963,-0.622201085,-0.745731115,-0.752219379,-0.853561223,-0.870547354,-0.934033573,-0.906963706,-0.951577425,-1.083764911,-1.091086268,-1.135474801,-1.209964156,-1.414613366,-1.409430861
VIR,NA,NA,NA,0.760900199,1.153230071,0.782868326,0.744717002,0.746175408,0.743840396,0.767428935,0.784417808,0.800454021,0.783445895,NA,NA,NA,NA,NA,NA
VNM,-1.238299251,-1.448818564,-1.474382758,-1.337931871,-1.40304482,-1.538451314,-1.526949406,-1.496713758,-1.482666969,-1.496983051,-1.45916307,-1.420068979,-1.366399527,-1.374714971,-1.358865261,-1.373433471,-1.400064468,-1.44377315,-1.380526066
VUT,0.639512837,0.810420454,0.732518852,0.276733279,0.195848137,0.454070419,0.392456979,0.478367478,0.505172074,0.496133268,0.427274108,0.395672679,0.437806696,0.591240466,0.592977881,0.66417098,0.69383961,0.536871493,0.663360596
PSE,-0.76744622,-0.80527252,-0.850594282,-0.682446539,-0.653496861,-0.434554845,-0.67793411,-0.862080753,-0.953671992,-0.823597729,-1.00567627,-0.935010076,-0.928261817,-0.881765187,-0.98583591,-1.094825149,-1.031357288,-0.901515782,-1.008188486
JEY,NA,NA,NA,NA,NA,NA,NA,NA,NA,NA,1.276298761,1.290535688,1.278615117,1.276822448,1.273941755,1.279367566,1.294320345,1.306016803,1.294188738
YEM,-0.801567316,-1.161358595,-0.892346799,-0.965285063,-1.049738765,-1.187120438,-1.112436891,-1.220972538,-1.271411657,-1.331268907,-1.39367044,-1.35484612,-1.333612323,-1.301007152,-1.523453832,-1.690229774,-1.690232754,-1.748698354,-1.766006708
SRB,-0.63773793,0.003405629,-0.12049368,-0.176049948,-0.206954584,0.214458928,0.305300176,0.281703681,0.335619777,0.286466479,0.278624475,0.198943496,0.285488486,0.212611303,0.231058776,0.199904174,0.11682263,0.003123991,0.026626127
ZAF,0.746240437,0.659822226,0.700217009,0.715736926,0.64901042,0.651613116,0.578765213,0.575648129,0.570502579,0.602069676,0.590838611,0.58215332,0.600703418,0.642118156,0.650173008,0.651225507,0.632010996,0.658973455,0.670388222
COD,-1.733551145,-1.609575033,-1.555048466,-1.697052956,-1.521638393,-1.23079133,-1.211480856,-1.387891054,-1.409387946,-1.409102917,-1.48515594,-1.481081605,-1.45855391,-1.286677957,-1.303905845,-1.40987432,-1.459709406,-1.495176792,-1.365965724
ZMB,-0.413114339,-0.317013323,-0.36678043,-0.444224864,-0.430345923,-0.207338288,-0.206985191,-0.161100164,-0.300324321,-0.243015707,-0.170420825,-0.132826567,-0.106042109,-0.109600693,-0.066542715,-0.299019843,-0.334352165,-0.319048375,-0.286198795
ZWE,-1.085387945,-1.363360763,-1.431191921,-1.553577185,-1.674941421,-1.539243817,-1.571520925,-1.5490309,-1.539211273,-1.475183487,-1.463762522,-1.471968174,-1.38621974,-1.256963611,-1.165901542,-1.177470803,-1.194492102,-1.123221278,-1.14187479
