Country Code,1962,1967,1972,1977,1982,1987,1992,1997,2002,2007,2012,2017
ABW,NA,NA,NA,NA,NA,NA,NA,NA,NA,NA,NA,NA
AFE,17887.78687,15681.66038,13668.41149,11750.43802,10072.13636,8719.4182,7579.28124,5792.896496,5095.339082,4470.264436,3626.855554,3169.935163
AFG,5042.003148,4533.681746,3998.737366,3579.754578,3659.998767,4063.065673,3254.969455,2435.795479,2086.211738,1739.817602,1513.090981,1299.037244
AFW,18888.64214,16920.75338,15040.90106,13218.88764,11527.37094,10051.64613,8790.03585,7698.029814,6735.819242,5882.227982,5127.551129,4479.883695
AGO,26388.52213,25630.19098,23683.92206,19644.76426,16530.82535,13845.68997,11692.80073,9951.873279,8447.769212,7079.524103,5894.553214,4963.649817
ALB,15718.86948,13685.40261,11992.19304,10702.01222,9661.391571,8723.555708,8284.470867,8544.345311,8816.752485,9057.187215,9274.579618,9361.54604
AND,20521.49034,15202.31214,11738.88786,9631.05374,8068.515915,6512.722095,5359.872287,4906.868995,4505.481955,3817.033937,3828.842491,4098.860995
ARB,1208.649032,1052.722687,917.9154986,793.1478502,676.9230518,584.3062408,514.9149681,454.3744743,409.0119937,365.1225168,303.6337389,274.7786303
ARE,1337.947767,883.558739,453.2160209,203.9853294,128.7757036,97.81379644,73.06765285,56.15115291,43.1187009,24.31573101,16.40850976,15.81076663
ARG,13804.16112,12790.82033,11844.31764,10952.16428,10140.8079,9363.652884,8708.795764,8189.034781,7749.110756,7358.07304,6996.815562,6629.611829
ARM,NA,NA,NA,NA,NA,NA,1992.262157,2189.218855,2260.729815,2338.868211,2378.096961,2329.199138
ASM,NA,NA,NA,NA,NA,NA,NA,NA,NA,NA,NA,NA
ATG,931.0820247,849.1182234,810.8023825,836.5239214,841.6963419,842.610147,806.7143456,725.1732746,664.129352,618.833974,575.1767009,544.9305737
AUS,45801.52672,41698.44902,37337.78554,34667.41826,32415.33799,30251.0468,28122.32066,26570.17875,25036.38418,23622.50091,21642.10339,19998.48792
AUT,7714.032133,7455.607281,7290.367794,7267.028961,7261.550486,7261.122918,7014.67176,6902.574924,6805.282433,6630.111047,6524.324878,6251.729171
AZE,NA,NA,NA,NA,NA,NA,1099.295584,1035.307626,993.0310391,945.6609138,872.9763945,823.5206844
BDI,3460.231416,3092.325592,2818.199518,2609.973003,2296.946819,2001.13663,1769.391947,1643.218945,1500.570247,1279.535846,1088.039012,929.1577268
BEL,1301.436851,1252.480041,1235.697446,1220.70834,1217.495038,1215.776647,1194.605401,1178.63778,1161.351949,1129.337361,1080.406362,1054.930402
BEN,4115.23127,3765.572287,3384.191489,2999.90243,2622.388527,2271.092607,1931.803582,1639.698143,1411.848562,1218.244333,1058.662874,921.6843881
BFA,2519.994646,2339.498692,2145.858647,1953.450677,1746.234664,1535.611444,1344.50383,1171.997474,1016.830828,877.0681003,754.3183822,651.271104
BGD,2068.87787,1778.628508,1575.968291,1429.279398,1251.010757,1097.509439,972.3689059,873.8307344,792.5839684,736.013736,695.3378386,657.5428072
BGR,2620.758957,2527.007087,2448.636925,2385.229839,2354.931456,2340.782483,2458.969172,2526.447089,2679.541737,2783.175518,2874.393914,2967.800635
BHR,23.10269146,20.40191778,17.45573879,13.19396112,10.36395623,8.909062967,7.646984603,6.723513977,5.441140463,3.861287121,3.077060361,2.677238188
BHS,5780.728702,4586.52479,3935.613365,3551.496702,3179.188126,2877.5204,2631.301968,2435.943389,2275.261086,2074.768737,1925.293126,1833.665576
BIH,NA,NA,NA,NA,NA,NA,8385.153979,9501.963293,9443.023853,9434.486263,9847.510605,10592.16466
BLR,NA,NA,NA,NA,NA,NA,3328.112764,3360.680043,3446.336686,3556.130859,3592.373391,3579.601493
BLZ,156686.3808,135395.3171,120013.8417,111394.9923,100735.3815,87533.62817,78528.64289,68870.58558,58158.36913,51031.49841,45147.79542,40609.40723
BMU,NA,NA,NA,NA,NA,NA,NA,NA,NA,NA,NA,NA
BOL,79805.50072,72112.82009,64817.29851,58049.98343,52198.49393,47106.67248,42382.84007,38236.44688,34714.19183,31752.04986,29245.46601,27115.51738
BRA,73986.14186,64303.37471,56689.71254,50353.39348,44751.58176,40179.82448,36697.92998,33855.82381,31531.01316,29774.29522,28406.22673,27238.10718
BRB,343.9040852,338.0362628,331.2313941,321.3741961,314.8639394,310.0630978,304.3097874,298.3037702,292.586944,287.045974,281.9900035,279.4964871
BRN,94989.04832,75591.83964,59852.83245,48650.10274,41249.3206,35779.68135,31034.58348,27246.90828,24511.42954,22668.66151,21303.41832,20024.45339
BTN,405027.4566,351924.8437,299852.9143,255772.3787,221477.2298,192185.9227,177727.8892,146815.4638,131488.1701,117315.6377,111177.3107,104618.9256
BWA,4582.102689,4108.899534,3597.683092,2998.006326,2492.576795,2078.094803,1760.123091,1558.012599,1407.924385,1279.687415,1176.729584,1088.39786
CAF,90855.90125,82537.90597,75490.44698,69120.56096,60376.67337,53271.15091,47647.43332,41563.10281,37084.48609,33587.39058,31782.44757,30678.69765
CAN,153110.5619,139623.7507,128271.6991,120122.1807,113469.2273,107764.321,100453.7549,95298.76799,90879.8731,86655.04678,82098.91612,77985.41509
CEB,1833.887491,1755.647577,1691.88173,1620.346215,1570.040011,1533.386346,2375.556973,2286.651407,2339.29116,2374.387671,2407.362625,2435.36899
CHE,7248.177415,6742.565029,6452.688695,6431.918619,6321.083834,6172.550911,5876.052526,5699.045805,5545.829763,5350.201831,5051.982272,4780.024231
CHI,NA,NA,NA,NA,NA,NA,NA,NA,NA,NA,NA,NA
CHL,104401.4347,95037.73105,87591.89107,81023.35148,75358.21335,69999.66859,64505.22886,59852.99698,56425.44608,53538.36895,50861.01959,47914.41025
CHN,4225.182871,3728.049831,3263.227498,2981.594247,2788.931521,2594.934665,2414.654455,2286.852428,2196.969697,2134.480626,2082.631534,2029.003278
CIV,20377.87648,16909.58609,13780.42355,10935.74793,8766.694683,7182.524742,5997.301995,5078.425455,4459.265072,4008.085023,3566.126587,3144.351043
CMR,50567.44827,45105.93202,39754.36752,34611.41586,29781.34276,25440.17561,21840.87538,19031.75892,16689.4848,14575.32703,12706.38154,11112.88863
COD,56105.57373,48969.94442,42610.89248,37114.73819,32470.7034,28545.41871,24106.76597,20535.19697,18046.31768,15396.80465,13039.55713,11056.67881
COG,207624.8836,182034.8047,157837.4843,136261.6912,117779.8186,102242.0013,89158.59587,77425.21404,67061.8685,57273.72429,49221.79674,43438.26806
COL,125490.5613,108128.5008,95263.77384,85238.97751,76329.56494,68760.10024,62313.77043,56860.65109,52476.59819,49042.57014,46553.80216,43856.20204
COM,6085.130982,5558.128763,5016.114267,4349.354665,3670.353333,3186.007057,2749.430639,2390.652549,2107.185503,1870.25423,1657.767678,1474.400718
CPV,1427.612888,1212.013478,1103.586288,1097.554283,1019.561996,934.1807391,843.2580117,742.1186994,677.2697001,631.4898741,593.7760396,558.1405733
CRI,78836.51261,66598.22177,58122.48929,51232.80641,44781.59659,39170.06603,34382.82076,30384.90413,27554.77914,25654.84561,24104.08014,22828.49036
CSS,85348.68545,78848.08159,74128.39644,70065.19916,66141.41721,63034.32505,60786.70537,58253.98276,56257.06476,54376.49285,52537.10071,50796.7512
CUB,5114.351781,4611.454141,4223.66032,3951.838984,3834.888918,3705.77579,3550.542985,3468.693043,3403.673539,3388.108043,3386.303698,3361.772885
CUW,NA,NA,NA,NA,NA,NA,NA,NA,NA,NA,NA,NA
CYM,NA,NA,NA,NA,NA,NA,NA,NA,NA,NA,NA,NA
CYP,1350.191104,1319.125116,1242.034261,1172.014106,1127.630415,1078.265486,974.2571289,875.2342374,798.3884836,733.2839463,687.1968185,661.1934542
CZE,NA,NA,NA,NA,NA,NA,NA,1276.187191,1289.605602,1276.844317,1251.095898,1241.217326
DEU,1445.442307,1390.489179,1359.792921,1368.989952,1365.956877,1374.616007,1327.1384,1304.324967,1297.150591,1300.652957,1330.418465,1294.506181
DJI,3184.611955,2283.01815,1673.761556,1081.190174,778.6787379,611.8241128,487.7652223,453.9553126,401.6349219,372.459824,345.5679755,317.7629488
DMA,3226.951499,2954.777136,2788.194783,2723.200305,2666.240068,2783.886863,2835.029626,2833.18223,2863.688431,2824.97846,2818.727626,2798.768542
DNK,1290.953621,1240.860545,1202.020356,1179.148179,1172.376466,1170.269536,1160.234135,1135.290486,1116.085753,1098.611758,1073.043502,1040.766837
DOM,6674.206153,5699.594965,4941.683924,4345.819211,3872.922651,3491.863957,3172.101061,2906.830396,2693.417768,2516.368172,2366.347676,2235.304088
DZA,968.1726786,847.4563503,735.9679372,639.8262312,550.0442211,473.2003109,416.2299336,378.2405126,353.1615493,329.2653116,300.9316925,271.8102081
EAP,9693.382175,8527.560118,7465.477799,6766.836508,6251.707265,5754.665641,5316.740593,4992.765943,4750.181488,4566.459771,4405.318066,4248.199684
EAR,12007.83056,10652.37065,9435.813129,8359.263945,7384.64193,6531.082828,5797.651965,5167.130387,4721.583615,4351.806071,4035.786099,3773.75399
EAS,9693.103232,8589.274066,7566.876986,6883.955118,6380.463035,5901.347037,5478.497825,5162.515532,4928.732344,4748.524313,4584.424036,4430.363754
ECA,NA,NA,NA,NA,NA,NA,13305.04073,13198.21634,13191.20311,12886.49361,12587.89274,12211.26108
ECS,NA,NA,NA,NA,NA,NA,8553.897235,8334.006533,8978.892471,8774.877557,7937.106626,7755.403084
ECU,91990.46659,79568.15928,68809.15523,59915.6549,52607.82106,46459.06131,41283.55654,37016.40729,33659.31282,30944.51992,28589.70981,26356.30725
EGY,35.57167126,31.19491563,27.69878239,24.79569033,21.95905756,19.23384073,17.04541232,15.41015618,13.98894012,12.78247284,11.57109559,10.36886297
EMU,3614.716157,3464.448559,3360.18035,3278.148576,3218.706212,3188.350037,3225.798253,3165.092718,3112.717146,3032.993157,3001.287792,2956.798112
ERI,NA,NA,NA,NA,NA,NA,NA,1275.514852,1128.550349,934.4110207,861.5108932,820.4180968
ESP,3584.395065,3402.38596,3213.457776,3045.604254,2927.393378,2874.512906,2839.800157,2776.017179,2683.944446,2458.719003,2377.43718,2386.612512
EST,NA,NA,NA,NA,NA,NA,8290.440685,9081.587813,9214.485084,9480.263747,9609.161894,9647.908279
ETH,NA,NA,NA,NA,NA,NA,NA,2009.969349,1739.326558,1512.252786,1315.6904,1146.617339
EUU,3654.582351,3502.21718,3392.297942,3298.075498,3230.743005,3191.321033,3274.884164,3180.396473,3155.714714,3101.114035,3080.546027,3047.472246
FCS,27145.87069,24140.6547,21357.14959,18705.78243,16420.45048,14645.77329,12464.01731,9813.757306,8691.652893,7663.574111,6405.459438,5723.010413
FIN,23823.07869,23231.86004,23062.04963,22579.07,22167.28511,21694.51167,21221.77108,20817.7889,20574.557,20231.73849,19763.68178,19425.5343
FJI,67706.49295,58507.33545,52593.47546,47718.61561,42721.54977,39555.20826,38349.4298,36014.51177,35019.63185,34143.1621,33003.30033,32537.09571
FRA,4174.940093,3938.885203,3788.3702,3671.900355,3589.443733,3490.240467,3398.400468,3335.287756,3235.970217,3124.207867,3046.003146,2988.731585
FRO,NA,NA,NA,NA,NA,NA,NA,NA,NA,NA,NA,NA
FSM,NA,NA,NA,NA,NA,NA,NA,NA,NA,NA,NA,NA
GAB,320760.4369,296000.0289,268103.0889,242508.8427,214678.7934,187670.7203,163579.1109,143691.7566,127298.5539,111370.296,93731.58589,79426.11724
GBR,2723.004695,2639.069883,2585.312412,2580.369983,2574.864587,2552.72477,2518.217917,2486.412442,2442.291227,2364.549513,2276.287451,2195.012178
GEO,NA,NA,NA,NA,NA,NA,11927.77265,13363.48566,14610.97922,15058.96909,15589.1564,15592.79443
GHA,4284.522861,3725.652767,3282.901608,2914.735895,2594.882788,2235.828885,1935.688506,1691.888934,1496.564126,1319.459643,1165.543578,1040.469669
GIB,NA,NA,NA,NA,NA,NA,NA,NA,NA,NA,NA,NA
GIN,62579.12383,57345.18196,52673.97328,48823.89502,44513.83701,38956.6311,33650.82239,29495.94176,26321.68335,23744.08749,21216.60919,18727.96357
GMB,7897.105974,7031.986161,6092.310692,5201.515375,4424.054469,3610.060517,2919.776228,2498.912973,2136.351951,1829.440082,1574.786616,1355.074755
GNB,25442.17709,23907.60904,21842.52631,20732.58592,19743.2879,17529.34796,15680.84771,14127.97294,12754.55298,11335.09736,9968.965365,8752.036216
GNQ,99153.76079,89106.3999,89807.53554,107367.0301,91344.0932,67889.19439,58130.56572,48465.95919,39490.39168,31642.2575,25213.56373,20602.0881
GRC,6865.340954,6678.882112,6525.191514,6230.878321,5924.707388,5799.654921,5577.426654,5440.258041,5320.114012,5249.59422,5251.239677,5393.001502
GRD,2162.606373,2104.997264,2128.021791,2216.827941,2147.489585,2011.566507,2058.439086,1969.143521,1929.831333,1901.447953,1861.296207,1803.849415
GRL,NA,NA,NA,NA,NA,NA,NA,NA,10652016.46,10662187.25,NA,NA
GTM,24939.45559,21634.75112,19078.3714,17028.79629,15035.81747,13105.39546,11441.67757,10122.01852,8989.490693,8102.683257,7387.391995,6787.913387
GUM,NA,NA,NA,NA,NA,NA,NA,NA,NA,NA,NA,NA
GUY,397502.1689,356582.1966,333818.5938,316097.0798,308480.3949,318172.3966,321935.9975,317952.4391,323581.5781,322849.8668,319041.3403,310880.2943
HIC,13409.22019,12672.9383,12049.79773,11533.8358,11085.61107,10719.03421,10276.16657,9778.725937,10050.02303,9693.397807,8838.640992,8587.492254
HKG,NA,NA,NA,NA,NA,NA,NA,NA,NA,NA,NA,NA
HND,42056.95921,36462.09125,31456.208,27039.88428,23182.89427,19959.4119,17286.09789,14995.7722,13083.63496,11610.3948,10492.21521,9615.001184
HPC,28585.44445,25275.83792,22233.13893,19431.08144,17024.09284,15016.12643,13051.28439,9892.059495,8607.491634,7467.801993,6139.165908,5339.227157
HRV,NA,NA,NA,NA,NA,NA,8238.96405,8313.266827,8763.011445,8746.659391,8834.092003,9140.433179
HTI,3236.985936,2939.90172,2689.497976,2457.208962,2201.270578,1965.630327,1777.446,1620.028887,1486.152622,1370.146354,1269.154131,1184.626229
HUN,596.3186862,587.2792955,577.0069094,563.4844602,560.4577445,565.358186,578.6288637,583.0628408,590.6321024,596.6717649,604.8166387,612.997634
IBD,12688.26017,11249.19783,9944.926237,8940.062436,8113.416647,7362.178123,7532.696097,7024.513665,6618.020137,6270.756101,5967.131935,5688.961265
IBT,13700.69994,12137.12196,10725.42927,9606.138254,8657.956606,7802.974211,7687.765728,7021.742942,6531.04699,6102.578842,5682.180132,5332.508867
IDA,18814.27644,16600.24586,14638.77089,12873.02264,11223.84493,9801.98745,8383.693679,7010.774376,6207.469205,5515.41408,4780.070941,4274.141471
IDB,14020.12417,12402.57684,10891.24865,9430.794376,8079.161794,6944.189534,5645.820184,4961.629767,4394.997746,3911.348104,3468.623253,3090.429693
IDN,21822.69245,19071.35517,16683.56287,14707.37599,13070.64847,11758.69303,10754.24684,9954.323313,9288.832022,8688.570681,8126.327517,7628.915955
IDX,21246.37909,18721.39654,16544.48035,14664.89636,12905.43549,11368.14968,9983.951939,8091.446587,7162.701334,6359.288588,5441.96703,4874.794201
IMN,NA,NA,NA,NA,NA,NA,NA,NA,NA,NA,NA,NA
IND,3082.648288,2778.628741,2488.438677,2216.401856,1974.763727,1764.098556,1590.221973,1444.69973,1322.580507,1222.099751,1142.378393,1080.171123
INX,NA,NA,NA,NA,NA,NA,NA,NA,NA,NA,NA,NA
IRL,17277.55152,16882.2891,16135.14003,14929.01103,14057.03138,13841.58504,13770.11772,13336.34172,12462.01945,11139.04207,10653.25545,10192.64515
IRN,5569.688309,4882.63142,4272.609795,3692.206092,3069.079535,2510.070461,2186.103743,2035.278939,1909.792376,1801.32251,1701.088197,1592.832615
IRQ,4586.78716,3934.105081,3320.860922,2824.573371,2438.945638,2165.211546,1912.758644,1641.823284,1411.844622,1261.140583,1103.793878,937.3471568
ISL,932129.9718,855341.6083,812864.2947,766459.7225,726930.6423,691453.2313,651198.7803,627010.1207,591257.0473,545630.7813,530063.9818,495049.505
ISR,327.0824248,273.2240437,238.2465057,207.5837254,186.0580501,171.6639963,146.3985946,128.5126799,114.1552511,104.4553697,94.81069465,86.07531016
ITA,3586.909843,3449.872875,3355.930237,3261.525503,3227.600787,3224.271624,3213.192958,3207.924181,3198.443324,3122.951365,3065.180844,3014.699725
JAM,6453.921861,6000.031054,5591.474087,5199.863131,4843.195936,4555.022312,4396.502789,4187.445867,4018.058238,3908.636171,3807.006581,3704.403653
JOR,674.8152421,494.5630695,362.0105493,312.9357642,266.0399255,217.7661409,171.4572889,140.661016,128.2554216,109.0277189,84.30199248,69.69253534
JPN,4529.510286,4305.209303,4011.643094,3776.169734,3629.304524,3522.597875,3455.897127,3411.155271,3374.004473,3359.348755,3369.140242,3391.547083
KAZ,NA,NA,NA,NA,NA,NA,3914.449062,4196.445835,4330.723817,4155.851335,3832.161452,3567.512979
KEN,2393.893282,2031.904433,1704.254957,1414.041928,1167.096275,968.098987,817.3392803,703.7068011,613.3016052,534.801718,466.8105691,412.1769742
KGZ,NA,NA,NA,NA,NA,NA,10836.24928,10418.61852,9804.235879,9287.4497,8726.280497,7894.227356
KHM,20005.19538,18037.79591,16515.76516,16759.21291,17428.24182,14710.75796,12531.30358,10673.89447,9542.861334,8815.819762,8159.424602,7533.068202
KIR,NA,NA,NA,NA,NA,NA,NA,NA,NA,NA,NA,NA
KNA,470.9483723,506.457331,541.5406832,546.149645,561.6268458,584.7810726,589.8110147,560.0018667,531.3496281,502.4178861,481.1451254,461.219156
KOR,2445.967134,2152.269642,1935.508556,1781.016289,1649.021501,1558.081856,1482.354767,1411.2067,1361.115738,1332.069719,1291.836452,1262.608784
KWT,0,0,0,0,0,0,NA,0,0,0,0,0
LAC,57957.47484,50640.87549,44656.47299,39700.40933,35482.44672,31957.38413,29113.3455,26780.83503,24888.63517,23370.95553,22087.45952,20919.45736
LAO,85722.40259,76253.73109,67022.3828,60717.4029,55980.35748,48751.38586,42307.85811,37700.67093,34660.7389,32027.18273,29544.44911,27383.74099
LBN,2493.12443,2207.168515,1985.24549,1844.923424,1841.798701,1799.129446,1560.400672,1312.040017,1147.719923,1006.849302,866.7983719,703.877028
LBR,171430.8735,153488.1722,135633.0367,118192.4824,100528.933,92880.17714,99919.46491,85976.76048,66121.66982,57771.56027,48359.85146,42533.0652
LBY,451.375567,372.5645588,300.7535595,244.2736158,201.1238225,170.3280299,150.5086332,136.7719628,126.557173,117.1590079,111.3629859,106.3712908
LCA,3264.702042,3019.019825,2822.121671,2662.288681,2479.605247,2292.386221,2116.282679,1987.80811,1882.152178,1789.506335,1698.234968,1657.870741
LCN,59791.60754,52348.94147,46271.23389,41206.13623,36885.69672,33258.10596,30305.18111,27879.41169,25919.70205,24348.07778,23015.45293,21873.81963
LDC,20596.38115,18243.0399,16189.57012,14388.93026,12693.49176,11208.77944,9827.833273,7895.935187,6974.502176,6179.410321,5245.833262,4663.360109
LIC,21975.11856,19577.478,17299.7845,15236.9751,13471.74751,12015.21022,10480.73625,7721.250229,6717.287746,5817.364578,4701.875934,4137.928967
LIE,NA,NA,NA,NA,NA,NA,NA,NA,NA,NA,NA,NA
LKA,5100.374993,4529.214722,4060.840622,3699.16408,3406.185711,3172.322734,2976.857135,2858.550941,2769.839553,2661.016174,2585.067319,2462.227196
LMC,9204.567798,8178.249845,7254.676843,6424.628747,5668.695184,5006.783608,4377.437631,3963.477729,3627.071965,3341.054178,3091.339081,2876.12236
LMY,13074.60985,11572.92257,10213.37293,9141.800274,8236.996523,7420.626321,7363.206056,6722.046998,6248.986419,5837.013746,5433.304095,5099.402064
LSO,6017.497917,5435.014169,4855.621845,4257.130694,3695.167738,3276.131534,2934.436936,2657.447407,2576.567913,2632.206735,2595.548956,2500.559399
LTE,14444.41895,12763.38542,11245.69085,10233.19087,9480.714201,8764.019294,9715.321151,9198.664803,8848.13917,8543.509796,8284.358943,8034.532957
LTU,NA,NA,NA,NA,NA,NA,4178.249643,4324.30981,4490.182735,4784.460962,5174.422555,5465.98204
LUX,3117.692907,2985.119181,2885.170225,2767.338761,2735.790986,2697.235334,2549.882068,2384.074383,2241.273043,2083.363716,1883.430707,1676.906979
LVA,NA,NA,NA,NA,NA,NA,6479.651828,6963.024041,7332.784168,7698.862668,8327.11094,8721.852204
MAC,NA,NA,NA,NA,NA,NA,NA,NA,NA,NA,NA,NA
MAF,NA,NA,NA,NA,NA,NA,NA,NA,NA,NA,NA,NA
MAR,2214.604323,1939.275662,1736.850395,1557.457814,1382.003823,1236.8185,1127.903915,1044.872858,984.5605626,930.5707576,872.3930264,815.0358488
MCO,NA,NA,NA,NA,NA,NA,NA,NA,NA,NA,NA,NA
MDA,NA,NA,NA,NA,NA,NA,544.1482233,551.8605878,556.6046293,563.7863333,566.5409319,587.9880573
MDG,62961.26836,55486.68657,48512.80889,42134.70678,36495.01843,31649.87017,27395.3939,23487.82327,20101.25545,17341.17134,15080.56625,13179.24386
MDV,316.1155719,279.1191001,243.2162922,207.4330164,176.627475,147.7657814,126.9728405,113.7069998,101.9766473,89.50628334,75.52280663,60.43537645
MEA,2068.248327,1802.107937,1570.782864,1364.148737,1164.905732,991.792443,867.5917186,773.7090073,704.0563874,636.8138186,573.3821893,525.7469705
MEX,10175.31445,8710.243383,7478.522926,6505.497034,5755.808758,5164.136133,4697.092865,4322.964195,4022.234835,3746.433228,3487.554411,3277.839116
MHL,NA,NA,NA,NA,NA,NA,NA,NA,NA,NA,NA,NA
MIC,12582.26735,11133.15467,9824.57472,8801.64586,7938.965933,7156.248489,7189.65446,6648.543575,6211.988531,5838.698238,5507.354781,5203.917885
MKD,NA,NA,NA,NA,NA,NA,2715.397662,2700.556315,2635.521955,2614.495538,2603.319232,2593.664925
MLI,11149.58337,10514.89329,9760.122223,8938.857766,8120.541315,7442.122612,6779.405161,5943.911468,5164.89353,4395.135903,3754.812731,3241.065773
MLT,155.9123186,162.092762,166.9697471,164.51119,154.9564588,146.5956428,137.3708578,131.9257767,127.5352363,124.1628229,120.2300799,107.9062135
MMR,44189.56946,39472.56468,35106.64106,31317.57242,28068.29175,25454.04251,23654.71977,22275.41325,21026.30021,20213.02106,19508.41782,18788.92156
MNA,2187.17332,1913.631111,1677.413219,1470.809062,1269.058746,1089.182327,948.8804895,853.1850754,780.1548971,715.1142221,654.1218211,604.2425854
MNE,NA,NA,NA,NA,NA,NA,NA,NA,NA,NA,NA,NA
MNG,34410.23527,29662.81561,25650.9859,22276.17723,19575.55913,17114.6054,15511.51217,14898.89303,14243.25932,13416.51056,12319.9011,11176.09805
MNP,NA,NA,NA,NA,NA,NA,NA,NA,NA,NA,NA,NA
MOZ,13360.31326,11915.37164,10617.98695,9340.194853,8228.179307,7844.300873,7264.957791,6116.907333,5345.300269,4627.809889,4034.159963,3500.993944
MRT,443.6114407,381.9180881,328.5574766,283.4589647,244.8497388,212.7935753,186.6851485,164.3677778,143.9834534,124.901952,107.9169202,93.40159745
MUS,3928.041591,3509.300092,3228.672395,2985.742024,2771.729767,2655.195245,2536.790844,2395.748787,2283.705829,2219.210571,2190.492419,2175.369065
MWI,4204.168378,3709.955922,3254.979877,2822.687975,2458.123191,1982.523332,1666.327,1572.347569,1377.878124,1209.731095,1048.323559,913.4025871
MYS,66725.43874,57732.57693,51217.39781,45346.81833,40079.56485,35104.70037,30522.0427,26898.18896,23958.63484,21706.28869,19953.08342,18646.72667
NAC,27628.29512,25866.63259,24418.98677,23232.85573,22073.28922,21091.36258,19895.72897,18733.29182,17768.84545,16963.95326,16259.70156,15671.85663
NAM,9261.500574,8173.197485,7088.982846,6203.705102,5574.141053,4787.083578,4060.777177,3627.735451,3326.997995,3069.997947,2806.663274,2563.864576
NCL,NA,NA,NA,NA,NA,NA,NA,NA,NA,NA,NA,NA
NER,975.4118189,844.4747705,734.0257643,637.388325,551.7432723,477.5592194,408.5552401,343.8723326,287.1208733,238.3318838,196.6821519,162.0191249
NGA,4699.146401,4222.21208,3767.10027,3288.537109,2854.281601,2509.993722,2206.432023,1947.863177,1718.559397,1510.182068,1321.542677,1157.836436
NIC,82758.21145,71087.14638,61046.50595,52319.89496,45208.15286,39952.20059,35788.63534,32355.23312,29927.24728,27942.42501,26109.35507,24464.18808
NLD,931.7541738,873.1405381,825.2934124,793.8693082,768.5487494,750.0833445,724.4388661,704.6471479,681.1597227,671.4811458,656.5219306,642.0996987
NOR,104976.2594,100936.9966,97126.77638,94479.50327,92835.91107,91236.8444,89119.05349,86716.54608,84175.10272,81118.62154,76117.25485,72390.05429
NPL,18997.14439,17411.98361,15751.23288,14128.34626,12600.58295,11246.22149,9940.655989,8775.824702,8015.975329,7512.531183,7343.689096,7172.666048
NRU,NA,NA,NA,NA,NA,NA,NA,NA,NA,NA,NA,NA
NZL,131748.5898,120039.6461,112607.1834,104800.9743,103608.8844,99865.62424,92589.97084,86478.19533,82816.25934,77418.43837,74181.6202,67932.52451
OED,15629.93803,14648.05542,13805.88603,13108.29118,12510.38508,12014.25271,11441.34932,10858.11826,10466.23382,10087.52236,9761.825471,9449.164682
OMN,2418.684685,2120.836155,1803.229068,1431.779784,1085.169531,864.2663521,705.9041826,622.2888763,599.6076853,526.8779246,400.2251552,300.0476218
OSS,67024.54563,60592.48745,54199.10072,48348.00469,42610.6166,36961.14566,30225.31535,26890.5225,24549.22974,21841.05561,19274.35634,17365.89912
PAK,1165.28174,1025.052602,896.0284143,775.1045658,659.2226684,559.5927516,482.8325549,419.6633427,367.7707266,327.7553231,293.6777194,264.5423626
PAN,113601.6806,98003.76518,84960.97455,74327.83909,65871.07016,58923.52839,53029.00019,47864.20861,43376.16438,39552.11715,36227.3198,33262.19866
PER,152658.7886,132479.0092,115384.9886,100932.9191,89056.9085,79308.75245,71450.89556,65090.74606,60551.35161,57918.22624,55614.31792,52187.52054
PHL,17060.0176,14592.99408,12630.72404,10978.8316,9575.487264,8364.790797,7366.949962,6558.869434,5887.03336,5357.613306,4927.342832,4554.404265
PLW,NA,NA,NA,NA,NA,NA,NA,NA,NA,NA,NA,NA
PNG,342256.6463,308454.1863,274490.1029,242533.5399,212552.0335,186601.2824,165625.3567,147063.3325,131341.1671,117647.007,104966.5424,94927.28049
POL,1768.480789,1675.672625,1621.507972,1545.15618,1479.41729,1422.956779,1397.155282,1386.816857,1402.026933,1406.065388,1408.185615,1411.461372
PRE,19188.07717,17027.46688,14982.41978,13008.75617,11307.36575,9933.515945,8602.953328,7418.744771,6466.156109,5604.12202,4602.795345,3990.783233
PRI,2897.578359,2683.626176,2520.182759,2298.709161,2166.316344,2062.84411,1980.376975,1888.584174,1856.839748,1876.819821,1953.507619,2135.15469
PRK,5643.66125,5067.042646,4405.64409,3988.910115,3720.451287,3447.922375,3200.014214,2999.740813,2870.675675,2769.930789,2701.543404,2634.702508
PRT,4225.045961,4281.921726,4403.02511,4018.750644,3833.825459,3788.622388,3818.138449,3759.035163,3646.962162,3604.299512,3613.938543,3689.212936
PRY,58305.40571,51073.92755,45049.3984,39854.07278,34730.84928,30063.78919,26321.59728,23408.91411,21149.83519,19505.10384,18220.01367,17037.86396
PSE,NA,NA,NA,NA,NA,NA,375.3019864,300.0164787,264.0330132,232.3654112,204.020203,NA
PSS,NA,NA,103262.8582,91243.87597,80347.0607,72725.08085,67702.19168,61774.15369,57627.6912,53786.64437,49831.32172,46275.99168
PST,12452.6167,11789.26103,11228.13088,10793.98956,10435.85663,10155.45856,9227.49202,8895.021623,8681.555165,8456.844899,8267.203277,8091.695419
PYF,NA,NA,NA,NA,NA,NA,NA,NA,40164.51385,38063.77204,NA,NA
QAT,995.2724558,648.9142274,429.1023332,307.1539445,201.9990694,132.6530129,113.0392832,104.6103265,87.38094346,45.96037067,25.50000501,20.55251774
ROU,2269.155706,2169.52365,2051.50974,1947.959781,1885.588555,1846.668959,1859.238044,1879.047678,1950.25461,2029.403655,2112.868982,2163.490561
RUS,NA,NA,NA,NA,NA,NA,29029.57008,29151.80662,29675.20441,30194.99708,30111.36996,29841.5039
RWA,3111.757629,2777.049411,2382.610654,2040.647113,1725.751869,1401.183868,1417.43677,1479.774289,1127.320664,1024.395825,900.5022717,792.924774
SAS,3345.939029,2997.682204,2676.594801,2383.324478,2117.068599,1885.647886,1688.306488,1511.543366,1376.070562,1264.142848,1177.247953,1105.58236
SAU,550.10695,461.9716488,375.4121909,292.4085264,218.4031797,166.1398303,138.8673034,123.6658388,110.0648732,95.29637351,82.31890715,72.50496153
SDN,NA,NA,NA,NA,NA,NA,NA,NA,NA,NA,110.5162238,98.00703191
SEN,7617.803575,6615.98175,5704.322417,4979.248307,4365.678726,3752.320112,3228.999924,2825.577743,2508.826109,2207.56634,1925.087245,1673.221848
SGP,342.8179637,303.3980583,278.7585951,258.0312218,226.7174413,216.2326577,185.7183804,158.0595347,143.6798812,130.7588656,112.9425158,106.9089366
SLB,357485.6046,307599.144,259055.3463,215022.7289,181374.7966,155819.1661,135452.9036,117632.1981,102656.2005,90829.10514,80386.14121,70279.70379
SLE,66980.38605,61614.34197,56044.66199,50465.17855,45195.6463,39622.06493,36800.83869,36906.36969,32220.58211,26712.78629,23835.82125,21366.30296
SLV,5332.310767,4614.180146,4041.568946,3602.668326,3299.378374,3084.342257,2885.719418,2720.016818,2621.542369,2559.856923,2505.642103,2446.727709
SMR,NA,NA,NA,NA,NA,NA,NA,NA,NA,NA,NA,NA
SOM,2087.526507,1858.831074,1724.240989,1249.444518,907.9848185,874.3466263,822.4383103,756.0367646,631.4902064,541.510283,471.865529,411.2641128
SRB,NA,NA,NA,NA,NA,NA,NA,NA,NA,1138.916213,1167.788593,1197.431995
SSA,18383.70809,16288.93616,14334.33087,12454.82411,10763.94034,9350.3435,8150.862649,6597.194878,5789.997009,5069.752418,4232.347386,3698.584111
SSD,NA,NA,NA,NA,NA,NA,NA,NA,NA,NA,2570.783559,2382.965681
SSF,18383.70809,16288.93616,14334.33087,12454.82411,10763.94034,9350.3435,8150.862649,6597.194878,5789.997009,5069.752418,4232.347386,3698.584111
SST,76656.99912,69654.79723,63303.50447,57498.60541,51753.37166,46243.87632,39618.31758,36101.64731,33428.81324,30399.49506,27401.19085,25066.40179
STP,33809.9817,32040.44739,27973.82266,24744.04667,21914.39313,19771.62862,17499.63877,16049.35545,14784.67277,13109.07593,11571.49378,10527.02742
SUR,325771.4861,284750.3257,269089.7428,276807.7081,274293.6937,259820.0156,235345.5776,217982.4513,205297.0794,193669.17,182910.9445,173531.6853
SVK,NA,NA,NA,NA,NA,NA,NA,2340.575681,2343.352467,2344.350914,2330.063047,2316.503506
SVN,NA,NA,NA,NA,NA,NA,9351.374256,9401.01392,9360.601244,9251.175102,9075.623226,9035.089248
SWE,22614.29742,21733.79507,21053.14997,20723.40436,20539.89165,20362.46619,19727.58171,19330.63549,19159.75403,18692.42242,17963.36608,17001.90242
SWZ,7539.518213,6687.60766,5776.312306,4960.047196,4191.727055,3526.422791,3045.00026,2740.24928,2590.637984,2532.007354,2446.063829,2347.067233
SXM,NA,NA,NA,NA,NA,NA,NA,NA,NA,NA,NA,NA
SYC,NA,NA,NA,NA,NA,NA,NA,NA,NA,NA,NA,NA
SYR,1462.845629,1242.356771,1048.800703,884.7919498,743.6738196,627.7700397,540.8082353,469.9739867,417.4512901,358.7839719,348.9431236,417.181685
TCA,NA,NA,NA,NA,NA,NA,NA,NA,NA,NA,NA,NA
TCD,4805.803873,4367.044882,3931.587237,3525.063909,3179.207474,2771.186459,2359.699727,1999.068701,1663.113886,1386.573952,1173.273028,998.8838472
TEA,9747.146103,8572.563646,7505.547876,6803.255897,6284.574691,5784.413139,5343.912587,5018.39563,4774.209085,4589.34024,4426.778443,4268.292469
TEC,NA,NA,NA,NA,NA,NA,12164.54051,12069.78749,12082.59071,11835.28887,11589.95904,11281.19989
TGO,7130.628779,6197.957369,5116.618867,4566.293448,3944.275279,3312.461943,2914.416019,2563.562415,2212.798054,1942.449446,1697.715923,1493.80215
THA,7719.831663,6646.179658,5747.774741,5055.634157,4557.830638,4161.578851,3883.342321,3689.607049,3504.029626,3392.15773,3309.453721,3243.75948
TJK,NA,NA,NA,NA,NA,NA,11532.96053,10686.37297,9874.182746,8985.27426,8058.578475,7146.179114
TKM,NA,NA,NA,NA,NA,NA,360.2709135,322.6084211,304.7710443,288.4926148,266.7093908,244.0224487
TLA,62350.82045,54500.34726,48085.0832,42743.51543,38152.81072,34318.97152,31217.76285,28669.03296,26609.82176,24952.96357,23546.34654,22341.57864
TLS,16711.5903,15243.84587,13687.44637,13253.91204,13396.21318,11966.93252,10488.96584,9531.599893,8903.228463,7926.568042,7250.64916,6607.628332
TMN,2187.17332,1913.631111,1677.413219,1470.809062,1269.058746,1089.182327,954.1463915,858.9038465,785.7011181,720.5197909,659.37492,604.2425854
TON,NA,NA,NA,NA,NA,NA,NA,NA,NA,NA,NA,NA
TSA,3345.939029,2997.682204,2676.594801,2383.324478,2117.068599,1885.647886,1688.306488,1511.543366,1376.070562,1264.142848,1177.247953,1105.58236
TSS,18383.70809,16288.93616,14334.33087,12454.82411,10763.94034,9350.3435,8150.862649,6597.194878,5789.997009,5069.752418,4232.347386,3698.584111
TTO,4366.434851,4150.305923,3966.384888,3695.114558,3428.513266,3214.64808,3105.075262,3048.010935,3006.553347,2934.770148,2855.413462,2774.446195
TUN,974.3403576,884.9228967,792.8055963,708.6198922,622.3555453,544.7533371,487.0061082,446.5084476,424.9710346,407.0946456,386.7431278,366.9062621
TUR,7872.969533,6989.347926,6204.34426,5522.00055,4932.058075,4442.189213,4071.82586,3759.98564,3484.515405,3262.344806,3040.814726,2798.445903
TUV,NA,NA,NA,NA,NA,NA,NA,NA,NA,NA,NA,NA
TZA,7885.877089,6802.617518,5821.875559,4968.878847,4258.918518,3656.75153,3115.587865,2692.924562,2377.260485,2064.824882,1785.219669,1536.763078
UGA,5404.806869,4561.166648,3927.633257,3430.496125,2949.631413,2497.957759,2101.104276,1800.937152,1549.632278,1322.646575,1128.514672,947.3702314
UKR,NA,NA,NA,NA,NA,NA,1056.559489,1089.049029,1143.094949,1184.707894,1208.509786,1229.056547
UMC,15929.26354,14037.21791,12324.36988,11167.45971,10301.20948,9488.753608,10147.6399,9592.686879,9174.025337,8825.478428,8522.820819,8212.83369
URY,35408.65699,33526.16332,32678.14017,32272.088,31213.47989,30233.66161,29228.46675,28194.35636,27720.60278,27673.11983,27286.38123,26828.49116
USA,15106.8415,14181.32775,13425.69654,12795.19068,12164.1688,11630.7385,10985.75516,10335.32974,9797.472783,9354.940439,8978.020233,8667.512166
UZB,NA,NA,NA,NA,NA,NA,761.8070773,690.4128111,646.5692064,608.158404,548.7917513,504.4984964
VCT,1201.359939,1139.224644,1080.952535,1023.457649,977.9472886,944.2424815,926.4320323,926.8270077,925.1121699,921.5230934,922.2114631,910.5312039
VEN,92075.97583,77704.64532,66541.59602,57646.68198,50257.31119,44151.36228,39158.08845,35248.66709,32071.19311,29543.88535,27417.48385,27378.64289
VGB,NA,NA,NA,NA,NA,NA,NA,NA,NA,NA,NA,NA
VIR,NA,NA,NA,NA,NA,NA,NA,NA,NA,NA,NA,NA
VNM,10362.3029,8968.643213,7890.494514,7066.294941,6325.871182,5641.897377,5070.292252,4659.471461,4407.955091,4207.465857,4002.141335,3799.128511
VUT,147507.8548,127380.4216,110129.7328,94156.63898,82373.67996,73488.88481,64442.9551,57169.97204,51565.79538,45565.55973,40079.35713,35026.39239
WLD,13406.9226,12065.3453,10840.75193,9852.613813,9002.138348,8228.488518,8018.889355,7374.278179,7002.594463,6575.900077,6072.400063,5732.012611
WSM,NA,NA,NA,NA,NA,NA,NA,NA,NA,NA,NA,NA
XKX,NA,NA,NA,NA,NA,NA,NA,NA,NA,NA,NA,NA
YEM,383.6547721,355.457878,328.6090308,292.5332151,245.8554335,203.4480768,162.1101242,131.4498366,113.860116,98.67255344,85.80823347,75.44509643
ZAF,2493.636079,2195.339872,1924.273234,1691.784442,1485.881735,1306.209009,1158.442599,1042.164486,970.7283581,912.0564622,847.9603497,785.8304801
ZMB,24596.36054,21117.06093,17957.22062,15167.72248,12799.50155,10877.76954,9489.612661,8356.247024,7309.712329,6414.482077,5544.360832,4758.624978
ZWE,3035.247743,2564.947461,2160.765919,1826.354776,1540.541821,1286.841614,1124.717915,1052.066659,1025.572989,1000.3329,934.7968521,861.1607309
