Country Code,1990,1991,1992,1993,1994,1995,1996,1997,1998,1999,2000,2001,2002,2003,2004,2005,2006,2007,2008,2009,2010,2011,2012,2013,2014,2015,2016,2017,2018,2019,2020
ABW,NA,NA,NA,NA,NA,NA,NA,NA,NA,NA,NA,NA,NA,NA,NA,NA,NA,NA,NA,NA,NA,NA,NA,NA,NA,NA,NA,36750.39809,NA,NA,NA
AFE,2554.595257,2495.966953,2421.787983,2397.01279,2389.705309,2421.864802,2478.836897,2491.423363,2471.243461,2463.627383,2486.027451,2502.493916,2568.555117,2605.802968,2682.066166,2779.6217,2875.883182,2998.522401,3038.270428,3036.416892,3081.787132,3213.781255,3272.074298,3337.899293,3414.274146,3448.628456,3445.477347,3461.6995,3463.302823,3459.136752,3284.97692
AFG,NA,NA,NA,NA,NA,NA,NA,NA,NA,NA,NA,NA,NA,NA,NA,NA,NA,NA,NA,NA,NA,NA,NA,NA,NA,NA,NA,2085.487571,NA,NA,NA
AFW,2644.390213,2603.720983,2586.267711,2432.44032,2391.475595,2376.362839,2425.025401,2452.447133,2472.664227,2466.864245,2348.993675,2487.128008,2680.266531,2751.766523,2888.240358,2961.698672,3201.307033,3238.145737,3347.206449,3459.687378,3558.297898,3630.209039,3732.085798,3863.314792,4045.77669,4085.202395,3998.278977,3965.33366,3947.589002,3998.4524,3845.827829
AGO,NA,NA,NA,NA,NA,NA,NA,NA,NA,NA,3690.604857,3900.710372,4659.954466,4684.384828,4929.945484,5390.699648,5672.126464,6359.181376,6490.787737,6999.175405,6911.740241,6885.53639,7280.845666,7478.104777,7704.231949,7652.656486,7189.426672,6861.575738,6381.521946,6082.746624,5734.985737
ALB,NA,NA,NA,NA,NA,NA,NA,NA,NA,NA,NA,NA,NA,NA,NA,NA,NA,NA,9955.158909,10152.38913,10642.62683,11056.51338,11146.9879,11553.05485,11692.64685,12015.6341,12485.26722,12804.36491,13310.44733,NA,NA
AND,NA,NA,NA,NA,NA,NA,NA,NA,NA,NA,NA,NA,NA,NA,NA,NA,NA,NA,NA,NA,NA,NA,NA,NA,NA,NA,NA,NA,NA,NA,NA
ARB,NA,NA,NA,NA,NA,NA,NA,NA,NA,NA,11421.34333,11427.01415,11189.37738,11690.70541,12221.59265,12581.70516,12996.7195,13336.35509,13780.90187,13525.35013,13670.42903,14079.78891,14454.2528,14647.7617,14822.74049,15118.38962,15364.24574,15214.70632,15201.13345,15151.59783,14553.51219
ARE,NA,NA,NA,NA,NA,NA,NA,NA,NA,NA,NA,103519.0537,96736.92556,97761.53732,98236.07759,92443.55639,88502.51225,79459.26304,69814.63137,59017.26106,54911.2224,56152.96846,57447.33833,60007.29395,62499.75036,65528.59087,66881.33906,67667.50846,67195.09523,67462.11602,NA
ARG,13596.5238,14802.73318,15939.36314,17131.21969,17873.31574,17090.30997,17781.32509,18982.9811,19425.42237,18534.19619,18178.89544,17151.83115,14726.59153,16055.8379,16057.17059,17269.58787,20124.06588,21866.52751,22550.52031,20876.94192,22726.5519,23946.29396,23515.83095,23851.36802,23047.14885,23465.83221,22696.22044,22996.57352,21895.98398,21152.84567,19158.28338
ARM,NA,NA,NA,NA,2752.634814,3097.518981,3334.652991,3596.478737,3778.666736,3923.733627,4178.364613,4602.415315,5264.761341,6031.824576,6753.702499,7747.377287,8881.542147,10262.02119,11125.68978,9428.74357,9745.371343,10072.83785,10830.49156,11351.59965,11518.84312,11774.61451,11570.56122,12543.27535,12951.66721,13893.84245,12424.54882
ASM,NA,NA,NA,NA,NA,NA,NA,NA,NA,NA,NA,NA,NA,NA,NA,NA,NA,NA,NA,NA,NA,NA,NA,NA,NA,NA,NA,NA,NA,NA,NA
ATG,NA,NA,NA,NA,NA,NA,NA,NA,NA,NA,NA,NA,NA,NA,NA,NA,NA,NA,NA,NA,NA,NA,NA,NA,NA,NA,NA,18775.95078,NA,NA,NA
AUS,NA,NA,NA,NA,NA,NA,NA,NA,NA,NA,NA,NA,NA,NA,NA,NA,NA,NA,NA,NA,NA,NA,NA,NA,NA,NA,NA,47163.24522,NA,NA,NA
AUT,37731.82947,38454.52273,38752.34797,38664.35086,39360.95235,40206.01062,41234.98111,41875.03447,43262.43831,44265.34672,45989.99937,46158.46079,47069.3801,47441.47653,48493.8555,49208.67102,50886.38098,52434.51057,53533.60174,50933.59434,52201.9028,53279.14182,53272.51692,53061.22163,52924.47936,52276.5357,53263.52548,53662.00535,54796.2613,56107.23023,NA
AZE,NA,NA,NA,NA,NA,NA,NA,NA,NA,NA,NA,NA,NA,NA,NA,NA,NA,NA,NA,NA,NA,NA,NA,NA,NA,NA,NA,13513.39727,NA,NA,NA
BDI,NA,NA,NA,NA,NA,NA,NA,828.9864418,862.6893416,838.8970676,840.888229,815.3949158,826.9496615,787.9544301,794.6123457,786.2207272,809.5529235,812.5069795,825.7337431,823.7437753,841.7400149,846.0294333,860.4779094,878.1187171,884.172209,824.8696219,794.5204667,772.4022889,763.4331718,753.9089436,735.7371044
BEL,35669.95261,36320.99321,36721.2366,36580.39884,37919.95912,38650.43945,39132.43001,40560.24728,41268.34074,42582.83012,44155.62575,44174.2042,44666.16539,45020.76623,46178.46584,46922.07392,47890.03093,49264.65678,49580.24633,47941.51374,48699.49031,48222.51582,49306.80924,49371.94353,49755.32531,50147.60626,50302.27529,50897.93398,51599.10585,52380.13768,NA
BEN,2133.210151,2158.402859,2103.089444,2189.507042,2150.324695,2209.397795,2234.511198,2306.682939,2345.937443,2404.362657,2469.91732,2523.018686,2554.028995,2561.774921,2598.742731,2574.887284,2595.968923,2669.77976,2735.152274,2715.078222,2689.895595,2704.030136,2743.557061,2861.120591,2962.296501,2922.065347,2935.45155,3010.902854,3128.724804,3254.245627,3288.470605
BFA,1015.88313,1078.160669,1051.259668,1056.093401,1039.962171,1072.985102,1166.44649,1201.965974,1254.007686,1311.95419,1296.347157,1339.958655,1351.334944,1412.417234,1437.377358,1513.465381,1571.942428,1587.868636,1628.486988,1613.550023,1667.855814,1705.309865,1788.748934,1834.827793,1827.30022,1839.21687,1893.099969,1967.634052,2026.523742,2081.918857,NA
BGD,1554.41105,1571.95081,1624.95314,1669.134671,1704.703214,1752.201722,1784.552632,1828.576381,1883.766462,1935.796364,2002.466767,2060.796157,2119.639046,2182.321491,2267.950353,2383.031073,2538.234965,2702.966271,2862.599524,2979.60677,3116.663201,3273.90474,3462.220186,3614.372724,3742.516573,3936.276588,4142.902911,4339.489843,4642.819664,4976.210294,NA
BGR,11197.86267,10205.23358,10329.61465,10252.5407,10457.25516,10724.71966,11245.54642,9744.700981,10338.65314,9577.667135,9984.442009,10826.5442,11925.08886,12589.28441,13448.14466,14400.86185,15098.89417,15434.49823,16920.48469,16699.60216,17092.23364,17410.02987,17905.58593,17908.78277,18597.03227,19018.3052,19871.98345,20867.69962,21502.30999,22810.60443,21824.70041
BHR,NA,NA,NA,NA,NA,NA,NA,NA,NA,NA,48245.60973,46688.04118,45252.0311,45686.40899,45911.57734,46319.98102,45894.28762,46240.60324,44570.19075,40302.74097,40338.60774,37755.99605,43372.15056,44935.818,45615.58247,45441.14762,45331.79071,45033.83054,43630.77884,42524.85053,NA
BHS,36312.85989,34112.50756,33095.71392,32148.81851,32570.49062,38699.79046,42583.66879,36703.69938,34513.19295,38779.16331,39812.45381,39984.80071,40464.35431,39431.31292,39160.48801,39604.2015,39751.71616,39526.79424,38598.7809,36053.95965,35840.87586,35676.43585,36663.28871,35584.0122,34294.84783,34186.04551,34237.08739,35250.28255,35017.50856,35802.16126,NA
BIH,NA,NA,NA,NA,NA,NA,NA,NA,NA,NA,NA,NA,NA,NA,NA,NA,10156.99743,10763.24207,11439.38183,11167.90918,11117.40949,11267.50286,11345.96256,11879.20582,12166.00805,12719.2028,13215.25449,13638.54551,14301.05839,14890.18778,14391.21794
BLR,8890.667795,8779.671769,7919.731329,7301.393461,6431.067838,5784.374599,5976.374861,6669.261506,7263.066714,7554.663753,8024.44356,8448.810687,8934.157325,9660.634099,10833.7804,11918.96752,13178.52197,14309.97993,15821.29941,15783.82216,16988.44145,17850.01602,18144.94395,18075.65225,18461.98225,17482.7014,17003.77083,17584.76622,18186.9606,18697.09163,18259.81291
BLZ,4743.738806,5186.035112,5673.919297,5904.43416,5722.488678,5653.414551,5530.156083,5560.409826,5485.395799,5709.716287,6172.076277,6175.420475,6314.876319,6622.610403,6631.325792,6639.21553,6783.177288,6482.864456,6581.731608,6801.778097,6626.208646,6807.61442,6727.462335,6678.127701,6747.272742,6961.24059,6766.385702,6709.03456,6609.418043,6694.222691,5582.162957
BMU,NA,NA,NA,NA,NA,NA,NA,NA,NA,NA,NA,NA,NA,NA,NA,NA,NA,NA,NA,NA,NA,NA,NA,NA,NA,NA,NA,85191.65616,NA,NA,NA
BOL,4352.0213,4514.774914,4546.299027,4640.757949,4782.391571,4901.61557,5023.763061,5183.911658,5367.560993,5262.265325,5275.462994,5267.650678,5296.84768,5275.975297,5355.225277,5518.227024,5702.749964,5847.291126,6132.917287,6198.642664,6292.090086,6535.789324,6608.287067,6937.038043,7313.415073,7718.194003,8056.443084,8174.492977,8443.883867,8544.294101,NA
BRA,10254.17314,10261.30211,10074.38901,10315.75372,10544.94315,11087.75576,11019.85194,11160.76541,10889.91953,10697.77111,11279.41366,11240.23563,11415.26081,11423.91056,11962.88359,12212.19696,12605.81821,13284.63248,13778.06542,13653.35701,14414.12776,14925.8894,15088.38596,15584.11942,15454.76986,14780.05756,14143.58297,14253.07502,14258.48421,14367.23924,13790.71143
BRB,NA,NA,NA,NA,NA,NA,NA,NA,NA,NA,NA,NA,NA,NA,NA,NA,NA,NA,NA,NA,NA,NA,NA,NA,NA,NA,NA,15079.36912,NA,NA,NA
BRN,71470.70351,71643.86864,72948.56166,71145.64019,71414.06748,72688.87079,72937.95042,70173.57333,68213.20878,68769.74397,69253.41325,69715.97775,71007.97255,71721.93127,70852.47614,70020.91017,72083.47726,71648.00123,69405.81476,67384.0493,67481.43261,67386.7062,67317.78769,66079.80508,64338.12601,66409.2109,65044.6337,64617.63812,60975.67907,63963.47534,NA
BTN,2698.718405,2599.48388,2642.129188,2750.879732,2971.473219,2998.570985,3170.261978,3366.830672,3245.932751,3323.786711,4053.157727,4302.483616,4608.968637,4838.875807,5038.640002,5371.756222,5733.828955,6647.081765,6796.0027,7084.940315,7717.739209,8178.567936,8355.07968,8517.616177,8895.819642,9371.448682,9850.669364,10174.70961,10330.22136,10760.68838,NA
BWA,8868.635533,9639.700314,9739.900325,10049.98141,9110.422255,9918.764554,9792.219042,10613.48126,10962.95138,10965.31872,10784.09977,11027.25817,10362.4327,11066.73315,10998.44568,11517.19913,12298.12506,13173.85848,13778.12757,12998.49829,13505.85846,14495.76816,15084.83883,16124.82363,16822.81491,16241.81957,15602.79405,15899.03795,16151.3303,16449.0978,14745.20011
CAF,NA,NA,NA,NA,NA,NA,NA,NA,NA,NA,NA,NA,NA,NA,NA,NA,NA,NA,NA,1168.897638,1218.180339,1259.221163,1317.845192,839.1221207,837.6309621,869.8259183,903.077833,959.3100891,NA,NA,NA
CAN,NA,NA,NA,NA,NA,NA,NA,32924.81342,33475.69997,34501.09773,36135.21116,36170.11928,37137.221,38237.8755,39490.69551,41128.41435,42630.74542,45202.7289,45157.90054,43246.88416,43961.04201,44934.96847,45291.17181,45977.91849,46782.79862,46798.97866,46884.61622,47702.63749,47969.55379,48377.36079,45315.56626
CEB,NA,NA,NA,NA,NA,13625.26792,14305.98985,14552.24575,14995.81242,15249.54678,15940.39934,16550.80243,17295.60677,17811.80576,18739.39201,19875.90015,21108.32328,22243.57958,23612.87168,22939.41114,23227.06878,23940.03668,24268.16559,24772.03583,25550.31827,26506.82406,27420.79166,28870.28319,30217.51849,31540.33572,NA
CHE,NA,NA,NA,NA,NA,55248.75448,55410.30505,57453.70889,59276.13576,60456.55828,63082.63156,62103.42511,60895.79338,62728.78453,63822.61885,66506.72477,68151.07985,65879.28189,62257.91876,65428.91214,69405.22901,66913.34035,67763.26037,68146.25784,67772.42852,69453.92541,68972.76621,67870.5778,69217.01741,71367.138,NA
CHI,NA,NA,NA,NA,NA,NA,NA,NA,NA,NA,NA,NA,NA,NA,NA,NA,NA,NA,NA,NA,NA,NA,NA,NA,NA,NA,NA,NA,NA,NA,NA
CHL,9442.158592,10022.59012,11053.65596,11664.03904,11940.57632,12868.66667,13619.41462,14453.47134,14994.83148,14669.49115,15180.19039,15535.57095,15770.80518,15914.53541,16483.92917,17117.07098,17150.82367,17993.39808,19296.42544,18968.09115,19725.05957,20956.21652,22200.84312,22808.42342,23269.53042,23732.75355,23787.76395,23458.6445,23901.31112,24075.79766,22283.13891
CHN,NA,NA,NA,NA,NA,2361.386405,2571.201087,2786.749614,2964.655607,3171.52702,3416.47983,3666.401734,3988.391845,4376.639542,4805.648574,5299.356968,5969.085316,6810.155283,7457.820411,8056.024971,8846.371406,9596.324386,10373.53655,11059.90966,11932.36579,12643.88194,13433.59207,14333.1332,15161.09616,16054.71577,NA
CIV,NA,NA,NA,NA,NA,NA,NA,NA,NA,NA,NA,NA,NA,NA,NA,NA,NA,NA,3512.208895,3539.665333,3526.888362,3291.878865,3575.939491,3756.812479,4056.681147,4322.056408,4512.459543,4686.900473,4839.893305,5074.644595,NA
CMR,3100.529634,2834.511327,2700.526797,2419.859543,2388.527939,2400.36173,2437.11032,2494.303036,2571.284909,2618.465506,2588.996056,2609.833624,2673.955053,2788.795249,2935.083289,2901.69133,2963.723568,2996.251159,3037.120499,3054.694247,3055.787124,3094.845806,3132.009451,3199.621163,3335.047722,3410.457537,3464.640588,3487.377112,3533.97871,3570.812981,3522.714424
COD,NA,NA,NA,NA,954.1440141,910.5367317,948.6689293,868.9220532,840.0708593,758.1421659,739.6979723,682.7499594,694.6300333,716.5878169,737.5945152,748.5058843,771.1909486,787.4313975,787.4350665,803.1129999,829.8803942,847.5124578,870.2607827,875.3420199,931.7592431,979.899827,1035.324504,1029.883308,1057.008767,1067.541505,1045.654873
COG,4375.059223,4408.538919,4512.706395,4133.583788,3905.189103,3171.350899,3195.995089,3481.410755,3804.828508,3179.113728,2977.741674,3232.126118,3291.658207,3192.953596,3048.230942,3435.93983,4021.182555,3634.479681,3799.933917,4441.336602,4637.951256,4477.498655,5054.995374,5079.535925,5509.325711,5082.271115,4309.587214,3646.989816,3267.792201,2983.872953,2991.430784
COL,7932.944811,7978.10337,8174.491427,8526.155476,8940.704796,9243.605272,9230.173156,9376.67989,9318.105849,8792.957642,8857.491016,8842.335356,8907.759821,9056.611403,9396.846305,9810.985796,10322.92782,10836.54882,11003.14727,11049.10573,11347.09602,11930.28127,12344.80751,12902.51207,13429.12013,13898.61234,14043.95868,13912.36437,13941.66975,14260.35637,13175.46467
COM,3055.134915,2807.815268,2987.990558,2976.93156,2733.400249,2757.075455,2643.4974,2676.236203,2635.651969,2621.912973,2835.226352,2833.279609,2819.701219,2809.279741,2793.377201,2807.43761,2815.050757,2781.470119,2813.153019,2835.601604,2874.53591,2921.369471,2940.241995,3004.90976,2999.136448,2970.772257,3003.504354,3049.006179,3084.814683,NA,NA
CPV,NA,NA,NA,NA,NA,NA,NA,NA,NA,NA,NA,NA,NA,NA,NA,NA,NA,5895.209969,6177.304139,6028.950962,5928.474752,6119.907189,6087.399757,6106.201391,5970.961186,6035.221038,6251.540987,6413.999141,6703.113974,7019.151248,5909.419955
CRI,9498.353236,9652.247168,10292.74795,10757.84989,11101.23794,11231.84942,11161.3469,11489.94406,11912.5807,11948.44447,12063.29688,12261.3986,12477.12493,12815.12402,13245.74244,13648.01038,14576.07507,15614.38814,16243.13986,15662.59328,16319.34361,16812.51625,17458.44,17595.16751,17920.15206,18328.75456,18903.51839,19283.51036,19462.66558,19585.78805,18551.57251
CSS,NA,NA,NA,NA,NA,NA,NA,NA,NA,NA,NA,NA,NA,NA,NA,NA,NA,NA,NA,NA,NA,NA,NA,NA,NA,NA,NA,NA,NA,NA,NA
CUB,NA,NA,NA,NA,NA,NA,NA,NA,NA,NA,NA,NA,NA,NA,NA,NA,NA,NA,NA,NA,NA,NA,NA,NA,NA,NA,NA,NA,NA,NA,NA
CUW,NA,NA,NA,NA,NA,NA,NA,NA,NA,NA,NA,NA,NA,NA,NA,NA,NA,NA,NA,NA,NA,NA,NA,NA,NA,NA,NA,25693.77016,NA,NA,NA
CYM,NA,NA,NA,NA,NA,NA,NA,NA,NA,NA,NA,NA,NA,NA,NA,NA,NA,NA,NA,NA,NA,NA,NA,NA,NA,NA,NA,46721.74585,NA,NA,NA
CYP,25138.64206,24693.88914,26272.6382,25856.59956,26789.90745,27274.36779,27238.62761,27380.14971,31254.03106,29694.20151,30196.36456,31513.90291,33039.74068,33850.55309,34489.33817,35842.55937,36789.59672,37492.33542,39841.30707,38529.50225,37850.04975,38566.21255,35490.5045,33079.45137,32340.96162,34262.77517,35061.37878,36808.58968,38052.21389,38627.55277,36067.55696
CZE,NA,NA,20979.81107,20928.76775,21533.0343,NA,NA,NA,NA,NA,NA,NA,NA,NA,27146.66659,28955.75209,30337.11954,31756.58621,32480.67588,30501.30523,30989.17931,31301.19798,31561.41049,31545.24187,32021.62793,33678.65317,34495.43398,36626.68558,37675.52976,38195.12587,NA
DEU,37237.8287,38649.78609,39036.01438,38336.03424,38857.66119,39251.82435,39513.85112,40080.62458,40724.14704,41415.28306,42622.59196,43205.82925,42890.90131,42584.29418,43802.94773,44244.12317,46374.63094,47708.1164,48016.74352,45990.95319,47863.24236,50934.48165,50971.63828,51017.53857,51775.80843,52245.21044,53092.96138,54209.17908,54907.47856,55096.66595,52382.81921
DJI,NA,NA,NA,NA,NA,NA,NA,NA,NA,NA,NA,NA,NA,NA,NA,NA,NA,NA,NA,NA,NA,NA,NA,4118.56871,4426.675645,4730.509798,4981.83731,5103.055824,5375.675445,NA,NA
DMA,NA,NA,NA,NA,NA,NA,NA,NA,NA,NA,NA,NA,NA,NA,NA,NA,NA,NA,NA,NA,NA,NA,NA,NA,NA,NA,NA,11343.52983,NA,NA,NA
DNK,37930.23837,38299.43054,39007.06848,39072.20133,41068.65151,42277.20618,43189.09821,44478.32458,45472.65911,46826.20887,47842.31045,48441.93979,48619.96452,48841.73281,50509.88887,51891.16222,53953.00265,53832.94619,53564.02034,50606.3016,51653.70093,52360.19737,52360.49952,53098.62772,53941.2501,54520.04011,55515.41694,56568.41589,57829.01015,59369.77048,57599.24463
DOM,5941.065938,5917.782034,6453.482482,6690.139357,6784.885218,7048.243521,7397.389439,7919.734845,8299.853678,8632.926096,8917.383134,8998.862406,9273.289374,8803.884372,8739.67852,9742.487438,10546.32662,11175.89734,11557.87602,11518.0918,12327.3468,12529.5448,12707.22497,13067.09635,13814.06229,14694.1036,15462.20861,15941.67145,16958.43305,17572.69314,16164.89952
DZA,8512.050254,8094.451179,8122.895858,7836.71649,7575.959919,7662.253792,7826.216484,7829.823842,8142.199734,8252.063062,8391.639382,8645.5936,8959.012615,9469.532377,9719.063346,10049.58789,10128.38944,10552.62877,10700.11119,10672.10456,10921.46238,10941.3485,11000.60341,11057.66165,11247.57672,11413.75977,11706.22217,11558.63139,11354.16521,11229.7953,10451.98507
EAP,NA,NA,NA,NA,NA,2549.559788,2762.281776,2974.579115,3123.387654,3311.763959,3547.304319,3768.629337,4061.985855,4417.168164,4814.754436,5245.435656,5839.482516,6580.544351,7142.435625,7615.997661,8332.026304,8949.634811,9590.130508,10172.85482,10877.10451,11477.81727,12139.66592,12876.61902,13579.12418,14317.12276,NA
EAR,4428.387743,4490.131261,4592.355622,4673.982088,4735.53096,4766.794178,4962.640444,5115.94072,5246.068689,5320.119878,5434.560675,5409.27625,5425.415843,5645.674682,5897.348077,6151.458078,6463.338012,6748.344865,6865.383048,6845.959265,7171.104468,7463.595193,7645.386903,7888.4861,8159.285711,8465.713138,8765.471247,9086.231287,9321.449372,9433.137433,8866.187786
EAS,NA,NA,NA,NA,NA,5906.290917,6210.060418,6442.572638,6477.32523,6684.122409,7022.533094,7251.507115,7561.204098,7946.743129,8413.707925,8885.457233,9527.677561,10318.85269,10808.07695,11076.89706,11921.20849,12558.33384,13239.18299,13897.66555,14627.77846,15277.67577,15954.05525,16769.23186,17497.19588,18406.05931,NA
ECA,15294.54472,14483.42906,12808.44467,11947.88408,10613.90283,10363.29358,10227.37698,10357.58584,10036.62058,10236.00001,11100.47665,11544.70088,12178.18155,12914.71553,14060.87375,14951.99711,16015.39164,17209.76169,17845.07041,16585.6264,17261.29814,18100.75373,18663.75207,19196.84904,19444.52238,19463.08815,19612.37851,20296.20597,20802.04675,21094.56531,20739.69625
ECS,23403.43442,23319.02844,22674.13286,22194.75276,21945.41165,22235.54884,22521.82039,23131.02977,23530.64961,24187.06952,25316.71948,25885.63729,26323.68859,26867.25004,27871.22575,28695.68405,29832.9275,30837.72436,31034.31899,29582.8661,30345.48958,31068.02891,31137.10973,31324.0508,31701.99416,32088.22081,32538.62705,33417.47583,34085.66761,34526.40771,NA
ECU,7642.564903,7900.164505,7992.615386,8054.392064,8244.364869,8277.374797,8216.915738,8426.615213,8489.525951,7743.159163,7662.705097,7967.0261,8191.204249,8250.349701,8747.664231,9107.979023,9385.688449,9427.380907,10014.62762,9945.389031,10186.81334,10807.50386,11263.41075,11647.39487,11892.24963,11692.88402,11345.74006,11359.68975,11256.12254,11049.60302,10028.216
EGY,5930.181584,6057.706852,6186.818204,6234.452425,6348.930058,6520.383927,6716.140759,6943.988418,7210.002975,7464.909404,7781.349908,7956.988192,7914.592709,7996.626524,8162.00652,8372.627871,8859.168738,9360.118933,9845.396806,10039.03033,10135.98601,10031.42871,10055.57658,10016.17801,10099.75288,10382.27283,10646.46932,10801.02662,11079.03334,11335.87708,11579.00966
EMU,32949.20847,33618.52708,33898.97909,33563.89232,34130.04622,34925.3502,35485.53628,36354.29978,37280.03709,38351.75073,39681.60711,40287.17738,40334.80597,40412.50716,41293.82215,41806.47737,43095.2276,44034.82655,43824.35721,41971.55017,42766.0275,43600.0228,43165.08715,42926.67521,43310.40772,43911.66788,44713.18678,45797.8752,46617.70882,47115.86364,NA
ERI,NA,NA,NA,NA,NA,NA,NA,NA,NA,NA,NA,NA,NA,NA,NA,NA,NA,NA,NA,NA,NA,NA,NA,NA,NA,NA,NA,NA,NA,NA,NA
ESP,27273.57265,27883.06361,27946.72361,27666.57624,27715.69493,28874.70925,29426.34724,30397.42953,31576.81875,32875.11546,34514.67021,35386.6184,35929.33668,36450.12361,36904.03983,37440.59625,38141.58931,38550.3614,38153.64902,36703.53567,36771.1919,36233.8765,35484.05836,35135.15809,35836.96831,37368.67997,38572.72264,39543.65687,40385.786,40866.52699,NA
EST,NA,NA,NA,NA,NA,NA,NA,NA,NA,NA,17210.76944,18216.49872,19584.70576,21031.24504,22663.07499,25180.88208,27439.19524,29132.82179,28139.90709,24642.86997,24785.41937,26772.60078,27970.80458,28934.31985,29739.71418,30464.1041,31409.19938,33040.70655,34521.36786,35999.57689,NA
ETH,NA,NA,NA,NA,NA,NA,NA,NA,NA,NA,NA,NA,NA,NA,NA,NA,NA,NA,NA,NA,NA,1358.033249,1434.245449,1541.762481,1652.126111,1771.947958,1888.608252,2009.557746,2093.520321,2204.805408,2279.637186
EUU,28607.05604,29035.92457,29223.6668,28961.70617,29530.20679,30269.97647,30863.57233,31611.01863,32458.21243,33412.94899,34653.07878,35289.34931,35520.64277,35734.80553,36642.88911,37327.85045,38647.5229,39626.89008,39786.27673,38193.26437,38944.4015,39747.96277,39473.56045,39419.92753,39912.81761,40624.20123,41457.45382,42639.44485,43576.72924,44272.19819,NA
FCS,NA,NA,NA,NA,NA,NA,NA,NA,NA,NA,NA,NA,NA,NA,NA,NA,NA,NA,NA,NA,NA,NA,NA,NA,NA,NA,NA,NA,NA,NA,NA
FIN,32062.58871,29766.09843,28319.73093,27826.45668,29135.50046,30505.82669,31765.21818,33955.54121,35538.9226,37389.97343,39632.35595,40826.60127,41570.76524,41911.21088,44041.31169,44976.90591,46836.6035,48806.83031,48899.26008,45214.65959,46462.53829,47002.1184,46162.7632,45511.67944,45421.8768,45515.94348,46417.01893,47593.88701,48323.54479,48919.50976,47780.27848
FJI,NA,NA,NA,NA,NA,NA,NA,NA,NA,NA,NA,NA,NA,NA,NA,NA,NA,NA,NA,NA,NA,NA,NA,NA,NA,NA,NA,12367.93824,NA,NA,NA
FRA,33850.24431,33986.64269,34402.95381,34070.72478,34689.8901,35296.0583,35851.06123,36690.6019,37901.4254,39263.21774,40356.25964,40947.77049,40808.8212,40968.95635,41841.48277,42351.18085,43204.62715,43976.05647,43922.32618,42497.93193,43115.35576,43985.78868,43710.9482,43763.04379,43945.59701,44282.82342,44633.57217,45584.57087,46249.28013,46783.4175,NA
FRO,NA,NA,NA,NA,NA,NA,NA,NA,NA,NA,NA,NA,NA,NA,NA,NA,NA,NA,NA,NA,NA,NA,NA,NA,NA,NA,NA,NA,NA,NA,NA
FSM,NA,NA,NA,NA,NA,NA,NA,NA,NA,NA,NA,NA,NA,NA,NA,NA,NA,NA,NA,NA,NA,NA,NA,NA,NA,NA,NA,3964.990171,NA,NA,NA
GAB,16797.8789,17391.74323,16035.15755,16055.79693,16581.94423,16747.89198,16872.74997,17270.41821,18104.29599,15754.21381,13984.59727,14764.01959,14911.80771,14630.97646,13487.75028,14167.18205,12684.60798,12761.80426,11746.06418,12315.62191,12107.36342,11980.61836,13013.32314,13459.73799,14661.96273,14167.7361,14170.45668,14058.19505,13723.68652,13621.78844,13463.79443
GBR,30248.05505,29840.97676,29957.32087,30600.75295,31800.18396,32447.73111,33189.82395,34797.63866,36166.07976,36996.28434,38418.99848,39448.69065,40364.18482,41505.85243,42118.40254,43197.12399,43497.86463,43931.26584,43273.7147,41252.0642,42116.32387,42456.73039,42166.17497,42371.50856,43258.72916,43804.28815,44167.4837,45178.37354,45437.66009,45624.75866,NA
GEO,NA,NA,NA,NA,NA,NA,NA,NA,NA,NA,NA,NA,NA,NA,NA,NA,NA,NA,NA,NA,9581.980186,10268.19764,11196.55969,11544.51495,12111.97028,12334.6582,12382.40144,12924.2182,13697.40109,14314.32324,13401.79239
GHA,NA,NA,NA,NA,NA,NA,NA,NA,NA,NA,NA,NA,NA,NA,NA,NA,3186.433762,3241.498131,3453.830604,3532.772158,3672.626779,4027.843726,4205.57256,4518.922785,4690.600758,4704.115712,4669.387427,4863.976199,5097.149714,5256.694378,NA
GIB,NA,NA,NA,NA,NA,NA,NA,NA,NA,NA,NA,NA,NA,NA,NA,NA,NA,NA,NA,NA,NA,NA,NA,NA,NA,NA,NA,NA,NA,NA,NA
GIN,NA,NA,NA,NA,NA,NA,NA,NA,NA,NA,NA,NA,NA,NA,NA,NA,1760.550225,1839.301032,1866.20868,1784.393267,1850.039797,1894.945895,1969.292299,1933.790491,1993.622758,2053.403321,2213.959111,2405.948119,2409.63997,2437.027146,2577.095554
GMB,NA,NA,NA,NA,NA,NA,NA,NA,NA,NA,NA,NA,NA,NA,2298.500371,2174.703256,2091.956395,2098.034103,2173.326311,2244.085241,2307.327416,2046.164707,2092.378476,2086.160286,1992.159137,2009.001962,1997.610808,2033.671644,2120.010674,2185.055834,NA
GNB,NA,NA,NA,NA,NA,NA,NA,NA,NA,NA,1667.731423,1652.037196,1631.682203,1601.846567,1614.032578,1644.346328,1659.457793,1679.535894,1672.09885,1692.404521,1738.971444,1850.401518,1769.702341,1736.28375,1803.191952,1847.650997,1916.35772,1929.166846,1830.731741,1980.343423,1879.724283
GNQ,NA,NA,NA,NA,NA,NA,NA,NA,NA,NA,NA,NA,NA,NA,NA,19244.97593,24395.13773,27401.83123,26794.77059,26908.40292,19742.20078,20366.20055,21808.4842,21134.33022,20704.00467,21324.1916,19423.11989,16604.26721,15187.91496,13447.13572,12925.87114
GRC,NA,NA,NA,NA,NA,NA,NA,NA,NA,NA,NA,NA,NA,NA,NA,NA,35922.53927,36736.63764,36372.64778,34980.07728,33018.59812,29548.63975,28605.79466,27794.35058,28354.28963,28218.08306,28079.35444,28490.20194,28808.12754,29482.40449,NA
GRD,NA,NA,NA,NA,NA,NA,NA,NA,NA,NA,NA,NA,NA,NA,NA,NA,NA,NA,NA,NA,NA,NA,NA,NA,NA,NA,NA,14465.19756,NA,NA,NA
GRL,NA,NA,NA,NA,NA,NA,NA,NA,NA,NA,NA,NA,NA,NA,NA,NA,NA,NA,NA,NA,NA,NA,NA,NA,NA,NA,NA,NA,NA,NA,NA
GTM,5418.062243,5550.423676,5654.365424,5746.271598,5832.865209,5967.316619,5974.451413,6096.634862,6277.40716,6355.001543,6429.063432,6466.906351,6489.627565,6518.69102,6565.094445,6637.025309,6819.819304,7094.545057,7251.750572,7124.63331,7154.336641,7297.920141,7437.360811,7557.675505,7734.801279,7932.568196,8028.852391,8147.871684,8289.406938,8494.494352,8239.147042
GUM,NA,NA,NA,NA,NA,NA,NA,NA,NA,NA,NA,NA,NA,NA,NA,NA,NA,NA,NA,NA,NA,NA,NA,NA,NA,NA,NA,NA,NA,NA,NA
GUY,NA,NA,NA,NA,NA,NA,NA,NA,NA,NA,NA,NA,NA,NA,NA,NA,NA,NA,NA,NA,NA,NA,NA,NA,NA,NA,NA,11976.38567,NA,NA,NA
HIC,32530.6246,32745.83317,33249.91367,33352.10209,34097.1515,34800.44469,35636.6726,36629.60583,37397.22377,38478.21706,39817.77008,40149.70664,40402.73021,41082.01724,42222.49388,43179.71432,44192.80964,45027.57289,44791.68118,43058.22023,44068.39965,44760.1468,45042.18185,45417.8088,46075.7384,46909.91455,47464.04523,48411.57235,49267.00248,49937.74516,NA
HKG,NA,NA,NA,NA,NA,NA,NA,NA,NA,NA,NA,NA,NA,NA,NA,NA,NA,NA,NA,NA,NA,NA,NA,NA,NA,NA,NA,62449.73774,NA,NA,NA
HND,3769.440986,3517.44538,3602.795533,3809.280026,3702.407233,3812.828005,3778.44985,3891.461586,3933.394637,3825.036517,3970.607254,3961.170386,3989.187498,4042.116288,4164.535959,4333.784928,4505.965646,4754.557467,4867.221752,4688.06038,4647.567903,4697.331439,4729.263681,4777.746731,4783.561126,4927.099479,5020.829616,5221.810955,5248.923663,5316.509508,4792.024122
HPC,1606.292858,1578.016897,1558.865471,1532.16397,1494.388341,1519.61809,1568.023766,1598.323338,1629.552806,1625.147876,1623.076023,1640.839574,1660.943782,1700.442975,1731.038563,1775.461466,1828.106756,1893.630888,1944.92965,1970.870462,1997.673778,2074.102965,2128.777479,2191.038241,2287.11018,2342.724274,2388.169642,2442.286775,2489.98956,2530.023225,2485.65589
HRV,NA,NA,NA,NA,NA,14971.84765,16045.19154,17163.1634,17474.50108,17153.96598,17866.2162,19073.87153,20216.382,21003.0982,22215.69508,22989.8299,24087.49861,25379.21896,25613.53204,23639.95503,23459.48507,23526.25866,23005.47614,23292.95071,23288.73543,24411.86687,24832.17281,26406.95975,27391.8584,28313.49435,26586.41701
HTI,3217.162039,3214.843159,2985.152382,2769.014847,2399.900065,2595.91772,2658.874384,2679.58595,2687.211127,2709.139426,2689.545763,2630.070155,2604.02701,2645.188419,2572.987279,2614.421672,2632.218946,2734.762764,2759.448752,2890.094526,2739.933266,2867.811948,2844.378206,2884.843902,2943.87918,2949.458225,2962.895292,2993.230906,3001.601064,2915.521462,2779.086207
HUN,NA,NA,NA,15448.40427,15895.14371,16063.00675,16017.68883,16280.47977,16915.89285,NA,NA,NA,NA,NA,21833.91662,22783.04589,23777.69943,23505.32431,24071.18011,23040.32535,23314.56172,23777.20207,23726.80042,24572.4391,25285.02428,26255.13488,27452.14812,28310.49093,29965.2748,31708.25398,NA
IBD,NA,NA,NA,NA,NA,4986.830817,5150.721196,5332.838371,5412.052714,5544.723018,5811.258274,5958.627828,6162.220817,6470.134971,6874.929184,7263.341776,7792.88974,8401.708697,8786.689776,8871.270783,9419.529409,9896.427375,10301.46956,10713.10962,11153.30468,11523.99445,11939.42814,12457.90883,12893.4998,13284.68009,12591.6993
IBT,NA,NA,NA,NA,NA,4373.922425,4507.834934,4649.50998,4708.873118,4812.098028,5017.197908,5136.334614,5300.697417,5547.584024,5875.94633,6186.80552,6616.28949,7095.228922,7394.769643,7457.327029,7881.255124,8255.284225,8567.09954,8887.721518,9233.215358,9514.847043,9820.00755,10206.46704,10529.83996,10811.16957,10241.70621
IDA,2114.809216,2104.518543,2126.918979,2070.862088,2051.697986,2081.424611,2132.156569,2142.664182,2160.59119,2186.432275,2185.439952,2248.072749,2316.291176,2388.17593,2494.887183,2584.796269,2726.743929,2814.700738,2889.810468,2950.888938,3031.008036,3116.074899,3201.239238,3311.117706,3443.725786,3534.742265,3587.48301,3667.038929,3758.496526,3824.972191,3700.434189
IDB,2901.323695,2885.691588,2936.059315,2814.625142,2802.157287,2826.21207,2884.659383,2866.486423,2864.913771,2894.913738,2857.962527,2959.379824,3086.466448,3189.710988,3379.193445,3503.416211,3735.559849,3805.138455,3874.243218,3962.675818,4079.20692,4168.33505,4249.101192,4376.361854,4541.904528,4613.496514,4600.985058,4632.964914,4681.44824,4686.387857,4545.860601
IDN,NA,NA,NA,NA,NA,NA,NA,NA,NA,NA,NA,NA,NA,NA,NA,NA,NA,NA,NA,NA,8058.514219,8430.620607,8819.450844,9171.014234,9472.816898,9815.404496,10197.40112,10589.12645,11030.26908,11453.54855,11141.56832
IDX,NA,NA,NA,NA,1651.360976,1690.41025,1740.36113,1776.087928,1811.852655,1836.719205,1866.427536,1904.055239,1933.46842,1988.855097,2041.545785,2113.8335,2198.606933,2305.741442,2389.388973,2434.335496,2492.180147,2579.455192,2668.099626,2769.29019,2884.68477,2988.226838,3079.677554,3188.568475,3307.253889,3410.631611,NA
IMN,NA,NA,NA,NA,NA,NA,NA,NA,NA,NA,NA,NA,NA,NA,NA,NA,NA,NA,NA,NA,NA,NA,NA,NA,NA,NA,NA,NA,NA,NA,NA
IND,1790.40735,1768.858819,1828.853345,1880.994676,1969.856126,2082.000117,2201.077997,2249.544553,2345.162555,2509.046378,2552.804903,2634.93465,2694.23074,2856.486273,3034.450609,3222.757098,3426.918171,3646.928627,3698.17569,3933.116278,4189.433075,4361.09055,4529.016179,4758.303087,5056.665924,5401.491,5732.913931,6116.059654,6449.186092,6650.054101,6060.015414
INX,NA,NA,NA,NA,NA,NA,NA,NA,NA,NA,NA,NA,NA,NA,NA,NA,NA,NA,NA,NA,NA,NA,NA,NA,NA,NA,NA,NA,NA,NA,NA
IRL,NA,NA,NA,NA,NA,29949.21854,32081.40442,34756.04968,37139.36022,39569.02915,42657.99769,43286.22923,44279.33205,46131.5979,48659.8816,50471.96457,52210.35386,52751.22271,49435.68993,44893.45766,45612.00142,44235.7317,43792.27802,45992.1284,49710.80993,55528.15084,59356.85309,62635.8326,66460.91118,67586.63731,NA
IRN,8631.088966,9496.163999,9575.856149,9519.871916,9210.350609,9287.944362,9640.168291,9576.532898,9667.874268,9656.20872,10084.59493,10049.84769,10653.83239,11429.75163,11751.33786,11981.71511,12465.95662,13365.68311,13260.29381,13199.8971,13812.72186,14011.26821,12896.64969,12711.73086,13078.65731,12730.15472,14245.07437,14562.92467,13536.54586,12401.10769,12464.69574
IRQ,NA,NA,NA,NA,NA,NA,NA,NA,NA,NA,NA,NA,NA,NA,NA,6873.173269,7376.921925,7549.089592,8567.370271,8632.530249,8834.085732,9081.084288,10036.06159,10284.18348,9916.864358,10034.88081,11099.66376,10638.00841,10255.71,10500.33327,NA
ISL,NA,NA,NA,NA,NA,NA,NA,NA,NA,NA,NA,NA,NA,NA,NA,NA,NA,NA,NA,NA,NA,NA,NA,NA,NA,NA,NA,53923.22172,NA,NA,NA
ISR,NA,NA,NA,NA,NA,27636.77706,28159.72184,28414.40893,28875.41527,28732.1327,29493.97999,29462.87532,29045.56279,28863.38152,29758.41357,30979.39972,32285.50284,33624.86662,33437.42736,32790.37416,34178.60151,35284.60289,35050.89417,36035.36662,37255.28175,37234.34715,37886.05449,38636.96524,39391.35258,39817.08111,NA
ITA,36105.57953,36571.01228,36795.17607,36546.31964,37267.69829,38470.63071,39043.31481,39943.37922,40615.65456,41418.68552,42888.18126,43733.30241,43716.57341,43566.67576,44043.33662,44329.48354,45094.35456,45390.39262,44218.30259,42047.30525,42573.4737,42784.24184,41450.85289,40198.25739,39901.04066,39968.63509,40954.99205,41808.59197,42510.44981,43035.23277,39399.8299
JAM,NA,NA,NA,NA,NA,NA,NA,NA,NA,NA,NA,NA,NA,NA,NA,NA,NA,9712.50036,9710.077934,9107.556085,9089.031318,9215.236688,9306.020333,9212.701653,9241.739772,9183.605429,9151.152692,9326.121898,9363.810741,9523.621811,8390.862454
JOR,7568.222007,7079.469108,7786.734364,7776.234809,7800.519149,8035.294857,7946.107338,8115.183702,8276.802529,8396.382345,8829.120831,9173.268993,9435.058142,9663.500612,10310.50646,10811.63388,11280.26252,11719.83271,11853.65768,11813.53471,11229.70337,10921.28119,10562.26491,10314.95721,10170.84249,10032.8831,9959.457291,9953.727851,9967.400823,10072.71745,9787.326554
JPN,32423.52539,33382.01744,33594.63189,33323.13716,33545.82668,34390.78115,35490.71845,35822.89145,35299.19548,35142.23514,36140.04628,36235.33446,36153.78239,36686.64682,37594.32147,38321.51107,39007.44302,39750.91244,39133.25679,36968.80776,38556.52244,38664.98654,39245.75682,40345.61318,40642.3621,41302.7644,41387.7897,42426.88399,42675.83449,NA,NA
KAZ,NA,NA,NA,10591.41835,9366.238725,8763.226512,8916.285685,9183.221889,9171.225356,9349.748318,9993.544494,11521.95903,12765.0785,13734.71075,14758.68163,15396.17221,16317.19092,17274.6335,16779.20776,17769.16532,17976.27447,18264.09656,19217.17935,21068.97379,21752.92385,23136.8885,22005.08356,22157.8711,22171.8375,22829.47344,NA
KEN,3096.269303,3025.348565,2911.307233,2770.800495,2784.639208,2867.208831,2948.419462,2894.161922,2917.846145,2891.947201,2839.474629,2865.007142,2808.954304,2809.049121,2879.803748,2990.9253,3090.629132,3206.732589,3137.391151,3152.103963,3317.246546,3439.437395,3485.827543,3572.700818,3657.884081,3776.351299,3894.56413,3968.933198,4134.890747,4243.626044,NA
KGZ,NA,4678.506292,3991.41314,3361.234013,2628.271232,2453.120945,2603.298478,2776.016503,2766.706583,2782.348363,2888.322386,3086.618842,3069.604945,3262.038416,3396.482032,3394.227671,3533.266593,3813.744666,3978.47981,4053.88964,3889.734936,3867.145395,4160.447227,4379.803244,4540.283615,4632.765992,4659.189545,4803.232306,4978.956446,4750.777238,4494.5007
KHM,NA,NA,NA,NA,NA,1170.658159,1194.41143,1223.286705,1239.735806,1349.517478,1444.546732,1526.759144,1583.453563,1699.051803,1840.307114,2039.208488,2228.221097,2435.242842,2542.49133,2498.362445,2602.172685,2736.294927,2869.323018,3062.342747,3195.928321,3334.293705,3506.935926,3684.459668,3864.496775,4123.001845,4033.037387
KIR,NA,NA,NA,NA,NA,NA,NA,NA,NA,NA,NA,NA,NA,NA,NA,NA,NA,NA,2849.895231,2635.578731,2724.151792,2594.079332,2917.604576,3258.595885,3705.627722,4484.704106,3998.278387,4277.819067,4220.204604,NA,NA
KNA,NA,NA,NA,NA,NA,NA,NA,NA,NA,NA,NA,NA,NA,NA,NA,NA,NA,NA,NA,NA,NA,NA,NA,NA,NA,NA,NA,24116.59084,NA,NA,NA
KOR,12641.31598,13865.72095,14567.78975,15412.0799,16649.35767,18043.99342,19287.69391,20246.02157,18907.77567,20978.02639,22801.04323,23724.11211,25490.7192,26163.69885,27465.43208,28433.86234,29901.61259,31488.49428,32281.54017,32312.87826,34443.53935,35598.27631,36410.47152,37248.45733,38144.20874,38948.32784,39959.57175,41124.36929,42115.209,43079.07879,42590.8516
KWT,NA,NA,NA,NA,NA,NA,NA,NA,NA,NA,NA,NA,NA,NA,NA,NA,NA,NA,NA,NA,65518.94113,66856.94382,67190.48473,66072.10338,64205.53619,61203.47419,60888.65684,58767.65533,58090.16305,NA,NA
LAC,10031.56982,10252.78872,10367.29323,10630.13639,10953.01399,10847.33346,11064.51197,11467.16916,11535.89079,11384.67581,11711.05324,11563.48386,11427.10315,11551.50727,11922.92752,12223.89197,12853.41828,13412.7567,13767.78602,13309.11828,13984.07057,14482.54739,14694.4237,15001.8376,15076.37123,15045.14762,14858.67196,14996.47666,14997.49491,14975.7214,13890.95437
LAO,NA,NA,NA,NA,NA,NA,NA,NA,NA,NA,NA,NA,NA,NA,NA,NA,NA,NA,NA,NA,NA,NA,NA,NA,NA,NA,NA,6874.763168,NA,NA,NA
LBN,9196.480596,10999.05002,12403.09813,12822.8536,13382.1763,13844.32324,14884.37794,14727.53314,14956.13754,14715.00816,14640.87549,14303.52565,13497.99734,11548.11142,13723.84255,14138.42706,14401.19988,16062.82738,17274.80503,18470.29847,19248.55691,18628.12648,17964.46192,17437.43425,16796.0812,16119.13708,15825.09594,15924.70647,15496.49562,14368.24231,11311.88201
LBR,NA,NA,NA,NA,NA,NA,NA,NA,NA,NA,1533.224016,1474.18174,1466.799199,990.1726039,1102.568672,1127.974241,1174.777713,1253.315132,1287.925745,1273.09711,1293.014733,1387.815252,1404.6842,1489.132873,1461.522003,1442.416028,1383.377483,1375.915515,1314.977954,1266.008376,1191.058031
LBY,NA,NA,NA,NA,NA,NA,NA,NA,NA,NA,NA,NA,NA,NA,NA,NA,NA,NA,NA,NA,NA,NA,NA,NA,NA,NA,NA,13686.02253,NA,NA,NA
LCA,NA,NA,NA,NA,NA,NA,NA,NA,NA,NA,NA,NA,NA,NA,NA,NA,NA,NA,NA,NA,NA,NA,NA,NA,NA,NA,NA,14147.47641,NA,NA,NA
LCN,10436.12328,10675.29803,10823.41948,11105.30446,11436.36756,11379.94789,11610.15505,12042.43577,12121.5334,11974.13959,12314.33539,12163.38239,12021.90433,12138.02324,12543.87969,12859.66135,13479.98627,14062.79925,14447.43388,13975.57083,14661.04382,15190.58979,15442.33147,15768.61252,15857.4594,15849.56753,15681.14621,15823.08546,15859.90236,15862.92548,14730.59481
LDC,NA,NA,NA,NA,1456.100272,1491.446763,1535.65482,1564.27992,1595.858208,1618.32524,1641.542429,1681.613739,1735.744743,1781.593042,1833.672132,1913.060005,1998.795,2120.745099,2200.808053,2263.678493,2317.730867,2404.576902,2483.384529,2566.613922,2666.011249,2750.493931,2814.467527,2891.895622,2977.919985,3058.325777,NA
LIC,NA,NA,NA,NA,NA,NA,NA,NA,NA,NA,NA,NA,NA,NA,NA,NA,NA,NA,NA,NA,NA,NA,NA,NA,NA,NA,NA,NA,NA,NA,NA
LIE,NA,NA,NA,NA,NA,NA,NA,NA,NA,NA,NA,NA,NA,NA,NA,NA,NA,NA,NA,NA,NA,NA,NA,NA,NA,NA,NA,NA,NA,NA,NA
LKA,3857.335366,3982.342083,4134.343499,4383.200867,4557.97796,4740.089196,4881.180656,5177.27301,5368.480423,5557.070543,5850.024609,5723.106272,5918.854008,6253.377245,6534.764141,6872.356869,7332.785758,7795.922241,8104.579428,8424.438251,9041.182312,9746.385707,10541.47321,10748.55286,11181.46391,11600.29333,11961.24757,12250.94548,12509.74227,12699.55204,12208.46787
LMC,3088.027686,3111.437929,3099.106088,3034.857045,3004.26405,3060.497499,3157.630252,3200.723516,3289.526292,3401.810956,3474.812649,3576.438053,3681.936585,3864.439933,4069.367742,4239.590361,4474.846901,4719.389277,4815.86272,4927.412129,5167.941988,5330.409418,5469.373379,5660.515877,5886.32425,6105.970477,6373.364848,6635.655617,6859.242091,7010.440168,6601.036623
LMY,NA,NA,NA,NA,NA,4192.145848,4315.935377,4447.394834,4500.870724,4602.040752,4799.933752,4917.400305,5079.415575,5323.710376,5647.279794,5949.661149,6370.883897,6838.367147,7125.519716,7190.407587,7607.660775,7970.966992,8278.964082,8595.552361,8935.291681,9208.033136,9508.146981,9885.84637,10197.12402,10468.27034,9911.348851
LSO,NA,NA,NA,NA,NA,NA,NA,NA,NA,NA,NA,NA,NA,NA,NA,NA,NA,2976.207122,3074.951173,2916.204121,3004.195059,2937.125676,3004.064396,2998.102546,2951.831616,3046.013954,3165.809722,3031.409555,2997.479203,2959.46875,NA
LTE,NA,NA,NA,NA,NA,5224.634269,5379.115599,5594.895809,5630.045573,5831.583106,6238.251409,6520.049324,6843.642547,7236.68093,7785.384017,8299.727006,9007.761107,9878.756744,10502.70027,10693.60783,11416.27136,12113.03668,12772.34388,13377.75715,14027.34468,14507.66003,15021.40661,15710.94589,16382.52935,17084.90083,NA
LTU,NA,NA,NA,NA,NA,NA,NA,NA,NA,NA,NA,NA,NA,NA,18825.25581,20753.94953,22578.30061,24888.90434,25953.82373,23588.49939,23798.50956,25229.95068,26503.68691,27982.97371,29521.78111,29651.69417,30788.29416,32541.17287,34342.34509,35781.28709,NA
LUX,70216.14232,75872.6044,75537.17418,76858.64435,76193.33933,78609.13934,78712.27032,85123.6339,85676.55189,89018.67659,93562.52757,97211.74644,90991.65912,83983.27734,96953.90976,99322.75599,90880.49066,107209.9572,100914.355,73588.60892,78772.58875,75320.48556,73589.07704,71512.96606,71713.6127,72077.04329,71929.44927,72414.32727,72145.21595,NA,NA
LVA,NA,NA,NA,NA,NA,9576.558877,9924.481536,10921.10413,11714.00847,11943.33981,12848.60434,13895.85099,15034.55821,16356.70728,17664.18788,19974.13904,22247.8676,24538.19606,24396.98549,23050.89219,21236.45383,22772.43261,23894.86545,24827.66625,25419.49104,26495.93046,27460.18657,28578.21661,29527.89456,30405.89241,NA
MAC,NA,NA,NA,NA,NA,NA,NA,NA,NA,NA,NA,NA,NA,NA,NA,NA,NA,NA,NA,NA,NA,NA,NA,NA,NA,NA,NA,112322.2482,NA,NA,NA
MAF,NA,NA,NA,NA,NA,NA,NA,NA,NA,NA,NA,NA,NA,NA,NA,NA,NA,NA,NA,NA,NA,NA,NA,NA,NA,NA,NA,NA,NA,NA,NA
MAR,3708.184796,3894.18657,3757.670096,3644.572672,3986.660035,3696.393354,4127.577736,4004.677725,4266.158163,4261.536988,4285.158598,4549.146257,4649.816496,4878.361684,5072.486061,5206.420218,5529.560123,5669.027107,5942.124327,6045.277254,6196.646734,6415.683214,6493.688456,6739.000127,6754.538207,6991.906393,6969.378048,7168.724522,7301.749267,7389.452841,6809.700357
MCO,NA,NA,NA,NA,NA,NA,NA,NA,NA,NA,NA,NA,NA,NA,NA,NA,NA,NA,NA,NA,NA,NA,NA,NA,NA,NA,NA,NA,NA,NA,NA
MDA,NA,NA,NA,NA,NA,NA,5532.301662,5638.947083,5198.249816,5083.752625,5303.632747,5774.425033,6375.918976,6923.955044,7575.286812,8139.956213,8426.589953,8524.627537,9227.222339,8382.030556,9147.874347,9659.308093,9835.445363,10735.73531,11204.00807,10957.02179,11540.90096,12315.48679,12952.69015,13709.7336,12828.1219
MDG,1781.244454,1608.479937,1596.031202,1584.924116,1526.520758,1506.050849,1506.018878,1517.086201,1530.907032,1558.499039,1583.262319,1629.995855,1385.38551,1476.263233,1513.377006,1529.06398,1561.651097,1627.542047,1689.493817,1571.309215,1532.139578,1515.815057,1496.276683,1486.198424,1505.548277,1494.629781,1507.430888,1541.173158,1540.976285,1561.268425,NA
MDV,NA,NA,NA,NA,NA,NA,NA,NA,NA,NA,NA,NA,NA,NA,NA,NA,NA,NA,NA,NA,NA,NA,NA,NA,15721.10752,15717.84759,16153.44294,16630.78655,17143.66516,17717.89225,NA
MEA,NA,NA,NA,NA,NA,NA,NA,NA,NA,NA,12619.94451,12612.11274,12548.67471,13154.54015,13707.99416,14083.9689,14580.41035,15070.12944,15420.95122,15152.00629,15444.67859,15877.84533,15970.71158,16122.72705,16359.11924,16557.25455,17107.39933,17060.78156,16872.56261,16641.53361,16156.35515
MEX,14478.93425,14895.23039,15159.62013,15226.64346,15693.75777,14266.22566,15045.65751,15959.72196,16530.8313,16797.98889,17380.34283,17117.46397,16899.50116,16906.56362,17372.44081,17414.40728,18033.14918,18145.5403,18132.72339,16875.67194,17575.83104,17892.18263,18233.04546,18061.00979,18423.54338,18777.73886,19021.831,19209.21915,19387.2559,19125.86054,17253.99543
MHL,NA,NA,NA,NA,NA,NA,NA,NA,NA,NA,NA,NA,NA,NA,4300.605982,4414.201342,4270.146316,4401.435919,4000.75988,4128.968969,4241.880504,4239.653803,3975.357727,4242.988553,4356.014058,4703.167389,4657.388909,4711.14648,4774.606389,NA,NA
MIC,NA,NA,NA,NA,NA,4429.549865,4563.181585,4706.262999,4766.545424,4879.472613,5096.758865,5227.085779,5406.346069,5673.720909,6028.618126,6360.686925,6822.605733,7333.394698,7652.249638,7730.320055,8191.934886,8587.895502,8930.79777,9283.654023,9659.577229,9965.765733,10303.17536,10727.44404,11081.11312,11393.40066,10791.45245
MKD,11289.42399,10664.52599,9794.951377,9130.906653,9042.010815,8969.887285,9028.919796,9095.678984,9346.289355,9653.172367,10023.64106,9784.951985,9862.395532,10052.18201,10565.33979,10921.39174,11623.79153,11833.0731,12925.5696,12930.51682,13263.00956,13514.84197,13386.2136,13733.79612,14288.2404,14622.41626,14875.43635,15030.28832,15425.91851,15823.23025,15231.11149
MLI,1409.193137,1548.880292,1460.367638,1472.333934,1470.547585,1435.609201,1496.784482,1526.123265,1601.790029,1657.017601,1614.905697,1741.740136,1718.883953,1870.453761,1841.293378,1900.573317,1913.736974,1917.362328,1952.537578,1947.600342,2000.079768,2007.607523,1928.19902,1928.51529,2019.311879,2091.013072,2137.343333,2173.555623,2217.611028,2240.897435,2132.916216
MLT,NA,NA,NA,NA,NA,NA,NA,NA,NA,NA,26560.45001,27166.30692,27695.68307,28319.24623,28172.55193,28205.8764,28520.38465,29500.38893,31482.00797,29769.10753,31289.61375,32203.77858,32462.74258,33661.94329,35403.19552,37716.4743,36635.27161,38304.17632,40070.39332,40611.0913,35645.04075
MMR,NA,NA,NA,NA,NA,NA,NA,NA,NA,NA,NA,NA,NA,NA,NA,NA,NA,NA,NA,NA,3127.108914,3276.79325,3340.189616,3623.770035,3843.234968,4137.14708,4363.534033,4604.916709,4880.997316,4942.057421,4406.161355
MNA,6775.601943,7058.937329,7140.868905,7064.929391,7007.688706,7054.460336,7303.34252,7335.7539,7526.859152,7611.331298,7842.658299,7938.717115,8124.685832,8442.866486,8706.113688,8906.652682,9274.685019,9764.253138,10036.15087,10104.34883,10365.37365,10432.03722,10301.23037,10336.95444,10468.89354,10542.14589,11166.64194,11259.56496,11039.39203,10836.16902,10635.07334
MNE,NA,NA,NA,NA,NA,NA,NA,NA,NA,NA,NA,NA,NA,NA,NA,NA,15440.70068,16403.25379,17617.11936,16330.77052,16585.9982,17383.06129,17052.29433,17692.33845,17875.07633,18645.38957,18925.08339,20086.52298,20908.03966,21554.5,18537.85044
MNG,NA,NA,NA,NA,NA,NA,NA,NA,NA,NA,NA,NA,NA,NA,NA,NA,NA,NA,NA,NA,6947.736702,7964.728466,8805.228255,9882.26679,10180.52612,10230.90862,10121.76876,9719.088336,10763.07074,10844.34204,10292.49447
MNP,NA,NA,NA,NA,NA,NA,NA,NA,NA,NA,NA,NA,NA,NA,NA,NA,NA,NA,NA,NA,NA,NA,NA,NA,NA,NA,NA,NA,NA,NA,NA
MOZ,NA,468.5158907,416.0326599,443.6379281,454.0150897,453.3346981,495.3317821,539.4091129,574.5077892,628.1710007,610.6555805,660.472833,655.3921968,738.2520893,776.4451833,787.7008049,815.39309,865.3927795,908.1448851,968.4701108,995.2601972,1056.245836,1116.823506,1163.397474,1205.310147,1240.456932,1247.861871,1245.447702,1265.815831,1257.387941,NA
MRT,4473.625861,4483.683911,4460.175583,4576.641106,4315.897615,4621.945512,4965.123394,4633.770493,4663.763189,4720.550001,4389.689254,4142.853295,4268.183112,4429.951439,4507.1003,4734.608165,5232.797486,5009.322353,4897.327215,4834.485222,4701.820832,4686.347165,4727.909109,4792.251191,4816.297841,4985.898247,4955.604748,5004.568498,5014.92543,5131.303675,4961.053931
MUS,NA,NA,NA,NA,NA,NA,NA,NA,NA,NA,NA,NA,NA,NA,NA,NA,14506.07962,15560.11041,16165.07322,16483.07201,16938.07221,17443.64332,18870.9482,20120.19138,20834.84886,21657.0088,22415.40034,23536.24781,24767.72562,25589.75534,21193.93598
MWI,NA,NA,NA,NA,NA,NA,NA,NA,NA,NA,NA,NA,NA,NA,NA,NA,NA,NA,NA,NA,NA,NA,NA,NA,NA,NA,NA,1421.212695,NA,NA,NA
MYS,9926.57629,10511.93748,11123.4487,11973.56457,12754.44725,13656.65444,14637.59711,15211.49501,13708.29414,13975.51788,14697.54035,14603.07822,15175.46878,15895.3708,16659.08076,17321.67681,18207.30797,19130.70948,19463.7069,19041.71954,19877.39533,20773.27822,21302.85475,22088.8998,23108.64736,24113.7274,24841.45357,25910.44685,26701.82683,27607.39564,25948.00154
NAC,39729.95922,39138.21717,39952.46645,40514.53835,41581.02884,42219.43643,43317.53458,44663.01803,46042.50602,47700.41487,49215.79762,49274.37055,49712.98005,50777.39895,52299.11404,53679.28654,54637.59607,55546.10353,55132.98852,53198.32102,54262.22435,54866.83287,55613.69311,56232.5108,57229.42989,58365.83795,58911.98378,60042.92404,61350.42446,62268.0072,NA
NAM,6056.930814,6457.896803,6584.256932,6353.646936,6298.802191,6537.361098,6488.102515,6610.571824,6735.011671,6671.493549,6988.970663,6909.637335,7240.540825,7656.077357,8180.811611,8053.276207,8541.494382,8600.008816,8680.906738,8527.091887,8713.49211,9096.064747,9268.836343,9979.121893,10368.18306,10659.96458,10270.48559,9987.11762,9780.802532,9598.420234,8741.895104
NCL,NA,NA,NA,NA,NA,NA,NA,NA,NA,NA,NA,NA,NA,NA,NA,NA,NA,NA,NA,NA,NA,NA,NA,NA,NA,NA,NA,NA,NA,NA,NA
NER,1132.710076,1092.441926,1077.957603,1046.158438,1026.881506,1020.172138,999.7937841,981.8159348,1055.478575,1019.43459,973.5301455,1011.382887,1027.17501,1008.325824,988.0883471,1022.151514,1042.215952,1031.816492,1066.067972,1046.825894,1093.63461,1085.431612,1122.617852,1142.956259,1178.362383,1188.001436,1193.899527,1206.403432,1253.230474,1278.346277,NA
NGA,3067.387527,3006.696926,3021.759294,2824.651072,2765.381452,2739.12167,2794.670158,2817.794243,2803.733211,2817.029996,2655.989334,2864.22255,3191.837532,3296.341012,3529.89442,3631.501451,4009.970944,4052.192908,4226.714342,4428.627407,4635.558111,4758.77867,4848.225457,5045.010114,5311.162154,5356.223001,5160.489945,5031.603971,4928.925873,4971.470226,4739.674805
NIC,NA,NA,NA,NA,2824.807168,3054.886761,3251.158564,3381.049031,3528.487586,3717.952004,3818.397846,3850.437313,3849.878691,3904.614974,4076.838163,4237.224365,4320.584613,4503.260436,4595.52517,4359.54043,4501.693218,4724.414421,4902.050458,5028.844858,5257.889464,5425.20076,5535.78679,5694.069129,5452.451795,5262.478762,5137.180472
NLD,36376.43214,37093.35096,37331.06785,37752.45762,38840.69148,40101.73861,41372.56551,42654.03494,43802.62822,46466.96841,48275.11675,47931.81572,47828.18665,48320.45345,48863.39184,48776.65476,51497.58723,52885.32951,52319.92277,51096.77399,52185.69371,53325.60915,52743.9451,52336.6713,52058.55315,53014.5234,53050.70965,55503.95577,56698.89091,56850.63952,NA
NOR,41139.74993,42086.89945,43765.51976,44678.97177,46915.77117,48794.64611,51012.1018,53449.87208,54504.52374,55335.07395,56415.89005,58078.73598,58720.87149,59065.85814,60845.79303,62585.60279,62935.4333,63900.46204,63301.5413,62081.56184,62076.52748,61820.57799,62594.73285,62625.53509,64501.29133,65645.11462,65813.37304,66403.54684,66837.71754,66340.20821,66262.33647
NPL,NA,NA,NA,NA,NA,NA,NA,NA,NA,NA,NA,2148.810339,2107.622234,2159.663612,2226.863661,2288.402282,2346.857643,2403.790656,2521.875782,2620.303562,2722.899691,2805.960198,2942.388751,3053.149939,3263.276741,3376.943746,3356.592607,3601.108877,3798.135482,3994.226959,3844.117012
NRU,NA,NA,NA,NA,NA,NA,NA,NA,NA,NA,NA,NA,NA,NA,NA,NA,NA,NA,NA,NA,NA,NA,NA,NA,NA,NA,NA,18163.76332,NA,NA,NA
NZL,27028.9887,24854.63622,24926.07635,26024.05683,27099.29935,28118.85252,28352.79667,28965.70423,29335.87757,30373.88203,31157.01391,32219.19294,33159.06439,34057.56828,34592.66306,35051.29754,35550.78524,36052.56014,35331.60716,36062.81603,35862.89854,36543.34672,37315.96562,38074.41279,38843.05756,39766.776,40363.2389,40700.46491,41334.60196,41806.07485,NA
OED,29422.14249,29619.88406,30027.2588,30165.20353,30782.83731,31330.06485,32131.9239,33075.45281,33767.44413,34624.21946,35824.30655,36018.53568,36289.36902,36815.37125,37828.00863,38693.45138,39659.38521,40446.74566,40225.58266,38635.9482,39650.60259,40293.46656,40553.92712,40918.53323,41537.16791,42299.9852,42801.1151,43724.47563,44466.65968,44998.31599,NA
OMN,NA,NA,NA,NA,NA,NA,NA,NA,31130.38862,31007.43615,32763.7727,33750.2788,32785.16443,31662.86884,31460.40536,30978.92207,32045.09695,32443.02843,32895.87261,33132.51127,31587.62563,30121.40751,30509.35914,30523.02058,28604.36315,29130.37638,29269.33372,27772.31369,26385.92002,25086.79785,NA
OSS,NA,NA,NA,NA,NA,NA,NA,NA,NA,NA,NA,NA,NA,NA,NA,NA,NA,NA,NA,NA,NA,NA,NA,NA,NA,NA,NA,NA,NA,NA,NA
PAK,2841.108123,2897.668396,3033.315529,2993.51058,3015.21584,3080.786081,3133.871249,3062.757287,3039.77297,3097.34912,3160.71069,3183.551161,3178.95183,3303.05547,3485.40969,3631.120554,3761.372437,3838.637771,3820.418166,3829.371862,3835.512924,3873.460978,3924.479886,4006.327569,4105.228942,4207.010308,4337.277938,4495.95069,4657.880392,4596.193969,4522.864686
PAN,10403.27817,10837.64437,11632.9129,12288.14277,12536.8278,12266.6707,12576.57157,12961.34033,13595.85735,13680.52659,14003.43989,13735.26009,14236.17241,14088.50962,14661.93908,15155.21255,16169.98992,18074.09633,19487.50522,19485.37594,19706.77244,22126.37399,23547.19658,24821.19963,24960.14562,26590.98166,27189.17999,28606.47639,28838.2078,29360.84206,NA
PER,4943.405647,5137.237402,4990.049823,5133.395794,5629.329259,5912.585584,6041.510865,6334.454835,6260.683714,6251.097403,6297.773346,6293.027047,6529.782834,6672.764496,6813.762314,7094.575199,7385.388794,7970.525079,8722.217969,8806.392101,9317.266284,9796.887413,10448.87879,11112.59152,11339.08417,11705.74373,11899.5399,11931.12893,12142.66015,12303.68873,10889.72886
PHL,4157.283648,4081.128003,4058.880292,4069.484503,4198.337899,4305.036914,4486.857181,4690.020537,4936.977343,4963.720255,4895.577118,4939.264696,5012.017662,5154.074008,5374.084173,5556.405859,5719.636042,5976.078269,6149.84805,6268.008357,6600.766809,6697.516565,7055.385918,7458.801515,7789.275253,8143.543154,8564.17134,9016.762194,9414.447797,9790.637367,8558.594619
PLW,NA,NA,NA,NA,NA,NA,NA,NA,NA,NA,NA,NA,NA,NA,NA,16508.90161,16790.92693,17729.68951,17185.36863,15860.52979,16226.63735,17431.63358,17901.30541,17420.09548,18294.89929,19737.281,19891.5418,18966.42701,19796.74377,NA,NA
PNG,NA,NA,NA,NA,NA,NA,NA,NA,NA,NA,NA,NA,NA,NA,NA,NA,NA,NA,NA,NA,NA,NA,NA,NA,NA,NA,NA,4201.135296,NA,NA,NA
POL,NA,NA,NA,NA,NA,12291.40335,13132.03484,13965.2512,14612.88322,15307.08769,16202.05427,16426.76112,16766.44729,17257.34191,17724.30451,18617.80805,19700.25247,20831.22731,22063.00877,22379.38054,23157.79625,24243.58693,24534.37511,24915.33477,25669.59865,26789.42822,27555.71724,28824.77625,30368.27756,31800.40926,31254.73322
PRE,2234.844293,2187.859518,2170.034237,2069.45501,2039.470128,2041.652642,2097.680294,2116.254834,2131.943339,2132.150981,2070.625813,2156.057124,2289.526187,2346.593089,2447.550271,2528.822499,2696.986559,2787.394739,2900.201433,2981.355474,3053.303694,3110.882198,3218.813747,3308.276506,3417.381353,3460.39223,3468.385183,3424.789728,3392.209156,3418.58508,3289.231542
PRI,19646.04652,20089.7426,19910.0512,20523.18756,20748.66963,22731.59994,21279.57281,22235.68093,21562.59258,23290.69228,24361.26727,23146.91484,22544.86054,22179.06053,25140.68413,24604.61863,24680.19094,25214.52972,24077.45273,22697.43308,21868.95251,21820.62088,23332.43663,23645.72388,23638.7129,23569.63782,23366.53377,22937.67712,23438.90224,23604.8087,23655.98843
PRK,NA,NA,NA,NA,NA,NA,NA,NA,NA,NA,NA,NA,NA,NA,NA,NA,NA,NA,NA,NA,NA,NA,NA,NA,NA,NA,NA,NA,NA,NA,NA
PRT,23493.47597,24625.51602,25023.05999,24502.31381,24604.02681,25717.86845,26469.62843,27321.3088,28447.00197,29381.34469,29911.28941,30248.5317,30370.75807,30125.92468,30515.24411,30676.1496,30652.50847,31347.22837,31260.44834,30238.41621,30806.19023,30812.50858,29460.25763,29649.55598,29831.45603,30286.36139,31071.39929,32269.04155,33211.23723,34001.80396,31696.40165
PRY,NA,NA,NA,NA,NA,8360.485898,8800.24637,8673.80132,8479.868689,8170.28664,7479.681232,7372.0369,7400.037724,6982.835568,7313.92887,7430.442505,7967.30967,8677.024029,9225.986476,9041.02233,9908.752523,10334.62582,10038.18831,10762.37759,11221.46549,11388.39108,11681.90319,12174.12219,12402.40912,12241.66584,11938.65061
PSE,NA,NA,NA,NA,4454.278763,4586.258494,4398.382606,4878.197928,5608.466825,5914.59495,5047.74662,4308.190373,3619.176391,4021.654255,4713.617336,5196.764856,5062.739349,5180.945678,5423.217911,5602.109691,5751.600783,6183.913701,6438.215213,6653.213036,6611.061292,6807.370011,7258.742133,7246.81197,7389.351884,7355.601356,6279.654753
PSS,NA,NA,NA,NA,NA,NA,NA,NA,NA,NA,NA,NA,NA,NA,NA,NA,NA,NA,NA,NA,NA,NA,NA,NA,NA,NA,NA,NA,NA,NA,NA
PST,32144.47041,32374.57152,32693.87442,32682.2794,33289.4241,33976.97137,34757.28134,35705.9862,36472.8607,37564.95751,38912.91389,39356.86927,39733.95247,40408.43644,41558.81032,42510.95906,43559.62627,44457.47181,44218.1174,42489.56201,43573.03,44189.32407,44423.61499,44769.72746,45377.33179,46106.3811,46673.60354,47736.77291,48620.57708,49350.52654,NA
PYF,NA,NA,NA,NA,NA,NA,NA,NA,NA,NA,NA,NA,NA,NA,NA,NA,NA,NA,NA,NA,NA,NA,NA,NA,NA,NA,NA,NA,NA,NA,NA
QAT,NA,NA,NA,NA,NA,NA,NA,NA,NA,NA,NA,NA,NA,NA,NA,NA,NA,NA,NA,NA,NA,NA,NA,NA,NA,NA,NA,91499.86315,NA,NA,NA
ROU,13289.96562,11711.87238,10746.65616,10906.94165,11361.40427,12071.14782,12559.33214,11975.34038,11722.07259,11692.62229,12061.08698,12876.91086,13803.59806,14043.54484,15300.3537,16308.56501,17631.45112,18782.21012,21553.10021,20747.39126,20075.43214,20537.18635,20942.68439,21879.0106,23006.397,23639.23579,24814.67965,26756.3278,27979.16598,29426.19036,28326.35556
RUS,21447.82461,20289.24743,17177.25745,15713.39967,13825.24638,13206.55931,12659.25684,12768.81802,11865.19326,12709.26548,14185.34693,15178.08414,15886.59368,16926.01007,18366.39377,19541.54932,21083.29258,23081.19442,24119.89487,22201.95573,23185.28566,24157.0564,25053.79345,25335.32544,25127.72727,24770.75166,24798.29278,25233.84257,25977.61212,26317.80587,25841.8397
RWA,933.391139,935.0494069,1047.102417,1027.242817,540.4053945,748.9323199,810.1339709,864.3728577,867.0798711,842.4310292,861.2165187,897.1061265,993.6105739,995.8613755,1054.856047,1138.241995,1215.385067,1281.577014,1383.597203,1432.018416,1495.115097,1574.15205,1660.330408,1690.7467,1739.974325,1853.475173,1897.461532,1913.034071,2014.357454,2153.695631,2051.532402
SAS,1893.258561,1884.596816,1951.138067,1994.583486,2070.982405,2171.365505,2274.356189,2313.275825,2393.244291,2534.128232,2584.885544,2654.045485,2705.200919,2852.034235,3018.658595,3192.917185,3383.101363,3580.885105,3638.096988,3833.569928,4050.065748,4207.533713,4367.233166,4565.9166,4820.713559,5114.616733,5399.828526,5729.088673,6028.894427,6204.022345,5704.957689
SAU,NA,NA,NA,NA,NA,NA,NA,NA,NA,NA,42183.11879,40741.54474,38447.68497,41423.5942,43532.22971,44734.86349,44807.12574,44629.10857,46324.43719,44059.17278,44723.27447,47852.01671,48932.66423,48894.56108,49392.35184,50124.98951,49681.68654,48041.17305,48123.7529,47494.88673,45232.21145
SDN,1462.182736,1428.224881,1529.651463,1603.472874,1614.696906,1681.925382,1786.114133,1942.054261,1964.499919,1949.529712,2001.765797,2086.058094,2164.221926,2252.544677,2257.344973,2366.054088,2362.565893,2683.128375,2723.198981,2821.711398,2837.879718,3162.428568,3635.363614,3743.519202,4073.999337,4129.737698,4195.941607,4269.239138,4258.219121,3989.438021,3757.441435
SEN,2415.240337,2405.066686,2387.01929,2329.878562,2265.225887,2331.284584,2347.497221,2358.335999,2447.437641,2526.744476,2562.330611,2615.473301,2548.678607,2634.263264,2693.467252,2740.326631,2739.201044,2743.455064,2776.554724,2755.268538,2774.910198,2718.221106,2746.975976,2734.089022,2816.843144,2903.302557,2987.651416,3114.304101,3224.813134,3267.617335,3220.346897
SGP,NA,NA,NA,NA,NA,NA,NA,NA,NA,NA,NA,NA,NA,NA,NA,NA,NA,NA,NA,NA,NA,NA,NA,NA,NA,NA,NA,88088.26615,NA,NA,NA
SLB,2237.201693,2283.468139,2508.503257,2602.000015,2749.691497,2911.139459,2890.530098,2775.10606,2739.053316,2599.18055,2230.034754,2018.285781,1868.540434,1962.886667,2071.185938,2128.402244,2122.229394,2103.225837,2123.519435,2126.059775,2314.73133,2366.478614,2407.934134,2600.217788,2524.608874,2472.177665,2514.509441,2610.624434,2663.386477,2632.36794,2541.335371
SLE,NA,NA,NA,NA,NA,NA,NA,NA,NA,NA,NA,938.0469773,1137.165257,1192.146617,1212.795893,1218.720895,1234.143992,1387.845063,1466.839321,1494.74478,1432.294443,1450.989359,1712.27954,1946.570412,1960.907232,1533.954097,1438.841506,1594.30889,1537.499353,1700.858061,1584.759994
SLV,5124.016236,5125.772039,5461.964247,5710.067488,5931.539912,6145.765907,6116.657646,6222.859514,6338.052484,6350.680081,6403.619946,6415.172655,6450.142323,6470.606122,6488.908374,6632.455887,6936.922271,7041.224086,7238.927318,6985.075495,7122.664428,7355.338605,7447.190595,7541.404148,7634.973358,7765.390746,7878.6544,7984.424155,8134.295915,8358.791579,7632.41176
SMR,NA,NA,NA,NA,NA,NA,NA,NA,NA,NA,NA,NA,NA,NA,NA,NA,NA,NA,NA,NA,NA,NA,NA,NA,NA,NA,NA,NA,NA,NA,NA
SOM,NA,NA,NA,NA,NA,NA,NA,NA,NA,NA,NA,NA,NA,NA,NA,NA,NA,NA,NA,NA,NA,NA,NA,NA,NA,NA,NA,861.1898838,NA,NA,NA
SRB,NA,NA,NA,NA,NA,NA,NA,8876.686514,9203.314894,8367.925964,8902.324537,9535.585521,10109.30536,10554.56629,11510.0164,12143.4964,12795.25138,13406.04569,14278.68658,14133.09739,14211.49263,14350.2586,14420.02828,14803.4775,14647.92568,14858.90704,15294.16871,15538.6237,16565.75903,17299.88259,17647.49793
SSA,2611.566909,2559.905309,2508.706032,2429.364506,2407.887752,2421.352542,2475.355032,2493.792954,2489.626036,2482.712032,2448.667917,2512.621885,2629.114589,2680.147939,2780.318829,2869.121185,3022.600082,3110.256003,3179.200566,3226.964402,3295.451673,3391.058702,3467.597805,3560.745934,3681.509307,3717.999458,3679.903165,3675.634459,3669.231622,3688.394433,3522.587544
SSD,NA,NA,NA,NA,NA,NA,NA,NA,NA,NA,NA,NA,NA,NA,NA,NA,NA,NA,NA,NA,NA,NA,NA,NA,NA,NA,NA,NA,NA,NA,NA
SSF,2613.432916,2561.809523,2510.753891,2431.515862,2409.993586,2423.283556,2477.356549,2496.046352,2491.990318,2485.043254,2450.965269,2514.852717,2631.101274,2682.025953,2782.276531,2871.148387,3024.737711,3112.462942,3181.458037,3229.263647,3297.79949,3393.492914,3470.092838,3563.321752,3684.100639,3720.646,3682.560876,3678.33921,3671.937283,3691.119916,3525.19587
SST,NA,NA,NA,NA,NA,NA,NA,NA,NA,NA,NA,NA,NA,NA,NA,NA,NA,NA,NA,NA,NA,NA,NA,NA,NA,NA,NA,NA,NA,NA,NA
STP,NA,NA,NA,NA,NA,NA,NA,NA,NA,NA,NA,NA,NA,NA,NA,NA,NA,NA,NA,NA,NA,NA,NA,NA,NA,NA,NA,3941.284855,NA,NA,NA
SUR,NA,NA,NA,NA,NA,NA,NA,NA,NA,NA,NA,NA,NA,NA,NA,NA,NA,NA,NA,NA,NA,NA,NA,NA,NA,NA,NA,16261.28524,NA,NA,NA
SVK,NA,NA,NA,NA,NA,13357.95821,14255.83508,14970.59359,15553.47522,15418.53688,15624.95813,16261.01113,16923.03392,16976.07939,18081.38721,19556.7153,21167.78074,23464.09758,25042.24188,23941.88406,24919.04594,25238.08149,26151.41108,26559.41957,27136.71052,28029.88722,28758.20105,29512.51922,NA,NA,NA
SVN,NA,NA,NA,NA,NA,NA,NA,NA,NA,NA,NA,NA,NA,NA,29618.08572,30839.03515,32404.583,34101.85517,35134.34378,32497.71962,32915.97497,33123.70678,32120.96805,31814.79118,32798.17347,32762.80199,33971.60651,35851.25323,37359.9293,38280.82545,NA
SWE,33453.8603,32539.64608,31424.71991,30368.15144,32012.21398,33143.75726,33676.11141,34722.77829,36557.57232,38777.51577,40652.744,41137.87826,41993.47568,43404.31481,44607.61426,46058.36979,48517.98135,50017.71094,49622.49354,46568.34856,49095.78664,49947.98143,49406.45029,49549.50997,50298.3634,51338.14082,51633.44459,52849.39299,53333.34018,54055.87157,52262.08344
SWZ,5381.284937,5369.737557,5427.817774,5315.753977,5077.953163,5531.625225,5802.730453,5872.561654,5679.872208,5863.217799,5711.274885,6005.018813,5839.443401,5904.199093,6232.638082,6991.786229,6962.229326,7283.91498,7187.809084,7104.696084,7098.403509,7139.327774,7430.493908,7843.671895,7856.802234,7988.556817,7872.758036,7844.506544,7913.623778,7711.412122,NA
SXM,NA,NA,NA,NA,NA,NA,NA,NA,NA,NA,NA,NA,NA,NA,NA,NA,NA,NA,NA,NA,NA,45413.78602,44863.49964,43615.16934,42375.86431,41481.42635,40786.7109,37080.52241,34614.31778,NA,NA
SYC,14203.0606,14520.82246,15574.72126,16153.4988,15857.72247,14964.61905,15627.80956,17446.51169,18254.21868,18139.27196,18155.05111,18158.20943,16474.0048,16271.66926,NA,NA,19961.88881,NA,NA,NA,NA,NA,22175.14262,23079.9835,23362.20007,23991.78471,24419.16017,25224.47069,NA,NA,NA
SYR,NA,NA,NA,NA,NA,NA,NA,NA,NA,NA,NA,NA,NA,NA,NA,NA,NA,NA,NA,NA,NA,NA,NA,NA,NA,NA,NA,NA,NA,NA,NA
TCA,NA,NA,NA,NA,NA,NA,NA,NA,NA,NA,NA,NA,NA,NA,NA,NA,NA,NA,NA,NA,NA,NA,NA,NA,NA,NA,NA,26624.74679,NA,NA,NA
TCD,988.5076021,1051.395878,1103.940439,867.9260941,951.4394897,935.1205235,920.9766757,935.5019207,978.0315451,936.4346391,882.450309,947.718359,968.8621487,880.7439838,NA,1366.252218,NA,1347.138825,1302.558192,1505.734574,1669.431478,1628.403869,1716.422671,1713.528531,1778.178957,1803.785358,1656.383789,1566.261072,1553.131495,1555.372994,1500.564888
TEA,NA,NA,NA,NA,NA,2577.637059,2792.674851,3007.234761,3157.582611,3347.93897,3585.997629,3809.715715,4106.275988,4465.348481,4867.270086,5302.596506,5902.985663,6651.927668,7219.673715,7698.092175,8421.585253,9045.590194,9692.688132,10281.35844,10992.81815,11599.60768,12268.10084,13012.42441,13722.02474,14467.56919,NA
TEC,15577.72075,14757.8684,13056.69378,12180.34212,10819.18741,10564.03306,10534.44302,10741.52577,10518.78063,10757.87322,11615.30762,12043.3521,12653.37979,13365.11996,14445.21257,15332.2827,16393.90262,17579.35497,18261.83161,17138.82059,17808.53462,18656.89269,19180.15066,19692.17079,19977.04727,20097.39364,20297.41389,21033.46428,21626.78542,22017.29709,21629.50968
TGO,1751.791508,1699.800453,1602.241461,1328.883756,1449.711643,1551.64435,1664.468392,1847.826779,1751.716825,1722.5777,1665.865094,1633.556757,1664.154151,1734.049646,1667.270897,1549.847877,1549.220448,1496.630684,1525.81517,1565.520809,1614.935947,1777.81732,1749.418448,1815.490768,1880.964747,1981.773879,1991.088196,2013.813455,2066.946841,2128.4148,2112.526246
THA,NA,NA,NA,NA,NA,NA,NA,NA,NA,NA,NA,NA,NA,NA,NA,NA,NA,NA,NA,NA,NA,NA,NA,NA,NA,NA,NA,16642.45037,NA,NA,NA
TJK,NA,NA,NA,NA,NA,NA,NA,NA,NA,NA,NA,NA,NA,NA,NA,NA,NA,NA,NA,NA,NA,NA,NA,NA,NA,NA,NA,3728.067416,NA,NA,NA
TKM,NA,NA,NA,NA,NA,NA,NA,NA,NA,NA,NA,NA,NA,NA,NA,NA,NA,NA,NA,NA,NA,NA,NA,NA,NA,NA,NA,13615.49576,NA,NA,NA
TLA,10429.63225,10668.75099,10819.64295,11099.14202,11430.97431,11349.68564,11590.99117,12023.49142,12108.69184,11939.62966,12273.6001,12128.38141,11987.72345,12107.42586,12494.09407,12816.32849,13442.32302,14026.66132,14422.63976,13954.35816,14651.60828,15186.06737,15428.18132,15755.36718,15845.10667,15836.59564,15666.60642,15810.9486,15845.1645,15844.27155,14701.31666
TLS,NA,NA,NA,NA,NA,NA,NA,NA,NA,NA,3076.630675,3395.55197,3704.489305,3042.451289,3296.316515,3903.082458,5420.919684,7201.891981,10464.89085,8147.776224,9697.015198,11611.94273,10208.8983,8862.335639,7133.72286,5747.793919,4517.780909,4468.638518,4350.799873,4791.171784,NA
TMN,6794.923116,7080.282506,7163.789856,7089.021208,7033.091219,7079.130964,7333.608207,7360.733994,7544.790653,7626.342559,7871.889088,7979.047222,8176.731802,8493.779703,8751.250998,8947.972848,9322.425516,9816.75804,10089.2968,10156.40057,10419.06638,10481.15662,10345.56064,10379.05808,10513.43308,10585.14906,11211.72207,11306.1163,11081.41617,10876.25312,10689.95693
TON,NA,NA,NA,NA,NA,NA,NA,NA,NA,NA,NA,NA,NA,NA,NA,NA,NA,NA,NA,NA,NA,NA,NA,NA,NA,NA,NA,6723.664971,NA,NA,NA
TSA,1893.258561,1884.596816,1951.138067,1994.583486,2070.982405,2171.365505,2274.356189,2313.275825,2393.244291,2534.128232,2584.885544,2654.045485,2705.200919,2852.034235,3018.658595,3192.917185,3383.101363,3580.885105,3638.096988,3833.569928,4050.065748,4207.533713,4367.233166,4565.9166,4820.713559,5114.616733,5399.828526,5729.088673,6028.894427,6204.022345,5704.957689
TSS,2613.432916,2561.809523,2510.753891,2431.515862,2409.993586,2423.283556,2477.356549,2496.046352,2491.990318,2485.043254,2450.965269,2514.852717,2631.101274,2682.025953,2782.276531,2871.148387,3024.737711,3112.462942,3181.458037,3229.263647,3297.79949,3393.492914,3470.092838,3563.321752,3684.100639,3720.646,3682.560876,3678.33921,3671.937283,3691.119916,3525.19587
TTO,NA,NA,NA,NA,NA,NA,NA,NA,NA,NA,NA,NA,NA,NA,NA,NA,NA,NA,NA,NA,NA,NA,NA,NA,NA,NA,NA,26543.37527,NA,NA,NA
TUN,5251.740386,5287.557696,5552.72753,5467.778445,5570.15526,5655.129184,5929.997512,6232.487831,6480.05417,6802.86884,7018.903962,7213.500996,7250.909249,7564.836114,7962.42257,8069.97834,8468.754686,8892.529554,9141.768062,9380.574955,9631.32696,9356.326375,9697.047969,9850.563038,10129.10969,10183.34233,10222.23594,10277.69231,10365.18094,10296.50352,NA
TUR,12422.53962,12295.72962,12718.82298,13486.5731,12538.02175,13391.34703,14183.02502,15023.77484,15211.04188,14443.57248,15204.0054,13968.7266,14740.63049,15386.70814,16727.84823,18049.82576,19064.20717,19817.7396,19730.65171,18504.57831,19853.97319,21740.82924,22438.81884,23897.57785,24661.21429,25664.17761,26099.9264,27553.24142,27880.35452,27724.17964,28043.7458
TUV,NA,NA,NA,NA,NA,NA,NA,NA,NA,NA,NA,NA,NA,NA,NA,NA,NA,NA,NA,NA,NA,NA,NA,NA,NA,NA,NA,5573.284065,NA,NA,NA
TZA,1343.355022,1332.109001,1292.79506,1268.44768,1252.185506,1267.981138,1305.859912,1313.230569,1338.682716,1371.267934,1396.408325,1423.040536,1508.033819,1555.386661,1624.165451,1687.238249,1779.566349,1825.824479,1879.383305,1924.128556,1971.979768,2060.728598,2099.059624,2172.728288,2248.082321,2310.042875,2387.090895,2472.985897,2555.427578,2693.318102,2615.716054
UGA,891.0595234,910.1060947,899.0228355,956.3808771,985.4825894,1070.847822,1137.109035,1166.845968,1191.00824,1248.500494,1231.157962,1239.345639,1318.691709,1361.414784,1399.615796,1438.51052,1551.09202,1638.281778,1727.79214,1798.249093,1838.927361,1951.121294,1951.189493,1954.88201,1984.031455,2023.439046,2038.17983,2025.835474,2061.734507,2129.967115,2141.30617
UKR,NA,14707.01329,12938.86615,10861.94505,8531.939404,7537.851798,6840.603476,6694.216561,6579.068677,6581.57371,7025.518037,7842.052302,8355.965496,9247.941041,10460.24527,10840.06759,11673.88575,12761.7259,13073.72106,11077.57341,11607.55114,12179.58427,12309.84464,12335.80607,12256.45942,11092.35804,11409.38265,12143.06427,12657.64345,13199.61072,12574.62096
UMC,NA,NA,NA,NA,NA,5891.355093,6079.070679,6337.436318,6389.236506,6524.412597,6908.361129,7091.810765,7372.518967,7758.303169,8304.11385,8841.578767,9585.742511,10428.32595,11028.32898,11107.70665,11863.45238,12579.32458,13208.09989,13795.57265,14392.94501,14841.71092,15300.13657,15966.37985,16527.15603,17094.94691,NA
URY,10699.72094,11130.23396,11984.48632,12230.23603,12993.59302,12746.59992,13386.57827,14520.43197,15075.18001,14797.83126,14447.51062,13863.3048,12897.16038,12446.6241,13048.45198,14226.02691,14884.97111,15828.80658,16795.82012,17404.48668,18614.31494,19578.65084,19381.35229,20666.30685,21004.10291,21439.38821,21673.46004,21733.33255,21729.8853,21884.0228,20493.55832
USA,40911.5681,40298.30871,41128.18258,41697.6128,42789.63083,43439.83005,44564.40868,45939.01511,47404.37457,49126.11195,50625.5624,50688.07862,51071.19759,52131.93791,53682.66078,55034.65737,55933.91436,56660.77788,56209.00944,54275.11234,55380.07221,55946.48365,56740.1565,57355.37133,58376.42303,59637.26384,60239.76656,61412.99001,62850.3919,63840.62803,NA
UZB,NA,NA,NA,NA,NA,NA,NA,NA,NA,NA,NA,NA,NA,NA,NA,NA,NA,NA,NA,NA,NA,NA,NA,NA,NA,NA,NA,6652.452975,NA,NA,NA
VCT,NA,NA,NA,NA,NA,NA,NA,NA,NA,NA,NA,NA,NA,NA,NA,NA,NA,NA,NA,NA,NA,NA,NA,NA,NA,NA,NA,12188.7601,NA,NA,NA
VEN,NA,NA,NA,NA,NA,NA,NA,NA,NA,NA,NA,NA,NA,NA,NA,NA,NA,NA,NA,NA,NA,NA,NA,NA,NA,NA,NA,NA,NA,NA,NA
VGB,NA,NA,NA,NA,NA,NA,NA,NA,NA,NA,NA,NA,NA,NA,NA,NA,NA,NA,NA,NA,NA,NA,NA,NA,NA,NA,NA,NA,NA,NA,NA
VIR,NA,NA,NA,NA,NA,NA,NA,NA,NA,NA,NA,NA,NA,NA,NA,NA,NA,NA,NA,NA,NA,NA,NA,NA,NA,NA,NA,NA,NA,NA,NA
VNM,NA,NA,NA,NA,2054.548677,2242.218962,2404.070105,2557.974413,2670.734515,2778.094707,3143.878709,3308.596974,3483.374987,3679.844362,3941.352215,3884.550919,4103.807192,4328.235492,4519.959748,4273.951113,4920.812466,5146.678704,5369.603609,5586.527279,5828.316514,6130.005179,6504.095653,6648.619157,7115.530111,7579.775151,7784.179375
VUT,NA,NA,NA,NA,NA,NA,NA,NA,NA,NA,NA,NA,2564.898376,2601.911496,2621.744066,2652.124212,2868.341178,2874.963014,3103.477119,3016.259133,2995.549857,3028.405744,2875.619621,2977.704969,3006.015649,2928.005783,2955.150065,3044.847657,3127.889559,3325.825709,2729.366155
WLD,9899.999778,9860.414527,9793.784876,9724.103623,9761.308887,9862.353516,10074.76814,10320.51914,10459.65396,10694.49779,11054.04934,11168.49823,11306.92115,11587.71128,12015.81627,12393.06047,12880.19892,13375.38378,13541.27563,13264.81464,13744.68313,14126.90119,14396.49122,14689.11161,15048.55735,15379.5057,15687.95602,16122.10858,16484.82771,16790.50017,NA
WSM,NA,NA,NA,NA,NA,NA,NA,NA,NA,NA,NA,NA,NA,NA,NA,NA,NA,NA,NA,NA,NA,NA,NA,NA,NA,NA,NA,6273.621343,NA,NA,NA
XKX,NA,NA,NA,NA,NA,NA,NA,NA,NA,NA,NA,NA,NA,NA,NA,NA,7437.298287,7935.578397,8271.287448,8281.510486,8488.044289,8851.913405,9085.430166,9277.787542,9400.141002,9874.182369,10299.60697,10739.61596,11073.91246,11745.56302,11045.29999
YEM,NA,NA,NA,NA,NA,NA,NA,NA,NA,NA,NA,NA,NA,NA,NA,NA,NA,NA,NA,NA,NA,NA,NA,NA,NA,NA,NA,NA,NA,NA,NA
ZAF,9974.994846,9725.791897,9312.597217,9212.296368,9312.298966,9387.379927,9582.03798,9660.657104,9537.183714,9617.401242,9881.362921,9941.190767,10238.53426,10388.18365,10807.16667,11233.34593,11711.35233,12010.28803,12251.73302,11999.96455,12195.41875,12346.55133,12404.11341,12523.9027,12549.8962,12528.09378,12355.72441,12320.42684,12229.11056,12129.23074,11246.46638
ZMB,NA,NA,NA,NA,NA,NA,NA,NA,NA,NA,NA,NA,NA,NA,NA,NA,NA,NA,NA,NA,NA,NA,NA,NA,NA,NA,NA,3330.552717,NA,NA,NA
ZWE,NA,NA,NA,NA,NA,NA,NA,NA,NA,NA,NA,NA,NA,NA,NA,NA,NA,NA,NA,1796.633499,2168.769703,2389.612424,2771.159536,2875.757148,2901.298513,2858.616749,2884.15605,3207.887558,3262.224759,NA,NA
